,t1,t2,t3,t4,t5,t6,t7,t8,t9,t10,t11,t12,t13,t14,t15,t16,t17,t18,t19,t20,t21,t22,t23,t24,t25,t26,t27,t28,t29,t30,t31,t32,t33,t34,t35,t36,t37,t38,t39,t40,t41,t42,t43,t44,t45,t46,t47,t48,t49,t50,t51,t52,t53,t54,t55,t56,t57,t58,t59,t60,t61,t62,t63,t64,t65,t66,t67,t68,t69,t70,t71,t72,t73,t74,t75,t76,t77,t78,t79,t80,t81,t82,t83,t84,t85,t86,t87,t88,t89,t90,t91,t92,t93,t94,t95,t96,t97,t98,t99,t100,t101,t102,t103,t104,t105,t106,t107,t108,t109,t110,t111,t112,t113,t114,t115,t116,t117,t118,t119,t120,t121,t122,t123,t124,t125,t126,t127,t128,t129,t130,t131,t132,t133,t134,t135,t136,t137,t138,t139,t140,t141,t142,t143,t144,t145,t146,t147,t148,t149,t150,t151,t152,t153,t154,t155,t156,t157,t158,t159,t160,t161,t162,t163,t164,t165,t166,t167,t168,t169,t170,t171,t172,t173,t174,t175,t176,t177,t178,t179,t180,t181,t182,t183,t184,t185,t186,t187,t188,t189,t190,t191,t192,t193,t194,t195,t196,t197,t198,t199,t200,t201,t202,t203,t204,t205,t206,t207,t208,t209,t210,t211,t212,t213,t214,t215,t216,t217,t218,t219,t220,t221,t222,t223,t224,t225,t226,t227,t228,t229,t230,t231,t232,t233,t234,t235,t236,t237,t238,t239,t240,t241,t242,t243,t244,t245,t246,t247,t248,t249,t250,t251,t252,t253,t254,t255,t256,t257,t258,t259,t260,t261,t262,t263,t264,t265,t266,t267,t268,t269,t270,t271,t272,t273,t274,t275,t276,t277,t278,t279,t280,t281,t282,t283,t284,t285,t286,t287,t288
BEB1,0,0,0,0,0,0,0,0,0,0,0,0,0,0,0,0,0,0,0,0,0,0,0,0,0,0,0,0,0,0,0,0,0,0,0,0,0,0,0,0,0,0,0,0,0,0,0,0,0,0,0,118.955267,106.0778597,107.5606825,127.9208053,0,0,0,0,0,0,0,0,0,0,0,0,111.9524465,121.7867158,79.95617665,86.13719675,0,0,0,0,0,0,0,0,0,0,0,0,147.2110364,73.6080222,73.83397363,55.97694371,0,0,0,0,0,0,0,0,0,0,0,0,123.6201828,123.6201847,41.36651287,29.59314789,0,0,0,0,0,0,0,0,0,0,0,0,264.5161018,22.07770413,11.12108382,9.134509554,0,0,0,0,0,0,0,0,0,0,0,0,201.4510705,49.17517097,28.37712327,25.05311539,0,0,0,0,0,0,0,0,0,0,0,0,201.8766493,74.84287974,27.25635001,3.97368497,0,0,0,0,0,0,0,0,0,0,0,0,59.27042005,59.27009282,70.40619129,85.30425074,0,0,0,0,0,0,0,0,0,0,0,0,0,0,0,0,0,0,0,0,0,0,0,0,0,0,0,0,0,0,0,0,0,0,0,0,0,0,0,0,0,0,0,0,0,0,0,0,0,0,0,0,0,0,0,0,0,0,0,0,0.002028725,48.58237478,32.60331136,32.6033117,32.09406685,32.09406542,29.48483313,32.61775705,23.63737216,23.63737431,22.76039597,22.76039399,21.94913254,0.004270206,0.004270208,0.00427021,0.00426981,0.004269802,0.004269807,0.004269805,0.004269813,0.00426981,0.004269813,0.004269813,0.004269813,25.02533114,25.02533114,25.02533114,25.02533114,25.02533114,25.02533114,25.02533114,25.02533114,25.02533114,25.02533114,25.02533114,25.02533114,25.02555248,25.02555248,25.02555248,25.02555248,25.02555248,25.02555248,25.02555248,25.02555248,25.02555248,25.02555248,25.02555248,25.02555248,25.02561467,25.02561467,25.02561467,25.02561467,25.02561467,25.02561467,25.02561467,25.02561467,25.02561467,25.02561467,25.02561467,25.02561467
BEB2,0,0,0,0,0,0,0,0,0,0,0,0,0,0,0,0,0,0,0,0,0,0,0,0,0,0,0,0,0,0,0,0,0,0,0,0,0,0,0,0,0,0,0,0,0,0,0,0,0,0,0,0,0,0,0,120.3156945,99.81806201,145.764642,145.7646462,0,0,0,0,0,0,0,0,0,0,0,0,77.69601233,107.5329517,88.56188944,99.07094629,0,0,0,0,0,0,0,0,0,0,0,0,88.37609788,88.37609761,90.30670475,62.30685896,0,0,0,0,0,0,0,0,0,0,0,0,98.70702078,94.25850019,59.17443692,63.33438807,0,0,0,0,0,0,0,0,0,0,0,0,292.5045853,4.824904506,4.740802403,4.590968091,0,0,0,0,0,0,0,0,0,0,0,0,135.7494584,138.9867104,17.18249866,12.57582974,0,0,0,0,0,0,0,0,0,0,0,0,166.9401785,82.86846292,34.41163346,23.29124704,0,0,0,0,0,0,0,0,0,0,0,0,42.75008091,0,0,0,0,0,0,0,0,0,0,0,0,0,0,0,0,0,0,0,0,0,0,0,0,0,0,0,0,0,0,0,0,0,0,0,0,0,0,0,0,0,0,0,0,0,0,0,0,0.002027582,0.002027688,0.00202757,0.002027675,0.002027609,0.002027658,0.002027502,0.002027571,0.002027581,0.002027623,0.002027555,0.002027583,43.61215587,30.26811682,30.26811589,29.83184049,29.83183908,27.56415584,30.28817209,22.39038661,22.39039013,21.60216073,21.60215869,20.87015319,0.004266038,0.00426604,0.004266042,0.004265677,0.004265669,0.004265674,0.004265672,0.00426568,0.004265676,0.004265679,0.004265679,0.004265679,23.63050106,23.63050106,23.63050106,23.63050106,23.63050106,23.63050106,23.63050106,23.63050106,23.63050106,23.63050106,23.63050106,23.63050106,23.63084829,23.63084829,23.63084829,23.63084829,23.63084829,23.63084829,23.63084829,23.63084829,23.63084829,23.63084829,23.63084829,23.63084829,23.63094037,23.63094037,23.63094037,23.63094037,23.63094037,23.63094037,23.63094037,23.63094037,23.63094037,23.63094037,23.63094037,23.63094037
BEB3,0,0,0,0,0,0,0,0,0,0,0,0,0,0,0,0,0,0,0,0,0,0,0,0,0,0,0,0,0,0,0,0,0,0,0,0,0,0,0,0,0,0,0,0,0,0,0,0,0,0,0,0,0,0,0,0,0,0,0,180.0361545,77.41224268,87.00375865,85.99480835,0,0,0,0,0,0,0,0,0,0,0,0,171.6072894,118.0062921,103.6695302,59.69550445,0,0,0,0,0,0,0,0,0,0,0,0,98.91887176,92.72574827,70.2699693,70.26997133,0,0,0,0,0,0,0,0,0,0,0,0,124.9422679,83.22553825,70.79953837,35.22474675,0,0,0,0,0,0,0,0,0,0,0,0,161.7444907,79.65995413,47.35745654,17.46207073,0,0,0,0,0,0,0,0,0,0,0,0,177.1061917,118.676572,4.367708185,4.372091554,0,0,0,0,0,0,0,0,0,0,0,0,307.4798335,0.001200951,0.001200076,0.001198472,0,0,0,0,0,0,0,0,0,0,0,0,0,0,0,0,0,0,0,0,0,0,0,0,0,0,0,0,0,0,0,0,0,0,0,0,0,0,0,0,0,0,0,0,0,0,0,0,0,0,0,0,0,0,0,0,0,0,0,0,0.002028375,0.002028305,0.002028357,0.002028194,0.002028268,0.002028278,0.002028323,0.00202825,0.00202828,46.40401338,31.60354727,31.60354646,31.12512653,31.12512498,28.66483351,31.61632728,23.10827721,23.10828079,22.26967946,22.26967737,21.49262998,0.004268725,0.004268727,0.004268729,0.004268348,0.00426834,0.004268345,0.004268343,0.004268351,0.004268347,0.00426835,0.00426835,0.00426835,24.43278709,24.43278708,24.43278709,24.43278708,24.43278709,24.43278708,24.43278709,24.43278708,24.43278709,24.43278708,24.43278709,24.43278708,24.43310052,24.43310052,24.43310052,24.43310052,24.43310052,24.43310052,24.43310052,24.43310052,24.43310052,24.43310052,24.43310052,24.43310052,24.43318527,24.43318527,24.43318527,24.43318527,24.43318527,24.43318527,24.43318527,24.43318527,24.43318527,24.43318527,24.43318527,24.43318527
BEB4,0,0,0,0,0,0,0,0,0,0,0,0,0,0,0,0,0,0,0,0,0,0,0,0,0,0,0,0,0,0,0,0,0,0,0,0,0,0,0,0,0,0,0,0,0,0,0,0,64.88546505,69.38206799,52.62914256,0,0,0,0,0,0,0,0,0,0,0,0,81.87735608,135.5127619,99.32600904,63.1151362,0,0,0,0,0,0,0,0,0,0,0,0,64.62456645,58.35753518,114.5972842,92.36798974,0,0,0,0,0,0,0,0,0,0,0,0,182.6003475,60.35557172,39.48062193,37.36686492,0,0,0,0,0,0,0,0,0,0,0,0,139.277127,150.131916,22.97999351,0.9377269,0,0,0,0,0,0,0,0,0,0,0,0,135.4773834,99.74564374,35.49990555,35.499479,0,0,0,0,0,0,0,0,0,0,0,0,229.0393034,27.71254589,25.8399213,23.41123562,0,0,0,0,0,0,0,0,0,0,0,0,98.71486937,98.71430332,52.42460887,33.88707908,0,0,0,0,0,0,0,0,0,0,0,0,0,0,0,0,0,0,0,0,0,0,0,0,0,0,0,0,0,0,0,0,0,0,0,0,0,0,0,0,0,0,0,0,0,0,0,0,0,0,0,0,0,0,0,0,0,0,0,0,0.002028644,0.002028655,0.002028701,0.002028625,0.002028657,47.9340303,32.30668813,32.30668836,31.80585424,31.80585286,29.24080698,32.3184244,23.4792445,23.4792466,22.61368771,22.61368579,21.81257934,0.004270079,0.00427008,0.004270083,0.004269688,0.004269679,0.004269684,0.004269682,0.00426969,0.004269687,0.00426969,0.00426969,0.00426969,24.84788638,24.84788638,24.84788638,24.84788638,24.84788638,24.84788638,24.84788638,24.84788638,24.84788638,24.84788638,24.84788638,24.84788638,24.84811301,24.84811301,24.84811301,24.84811301,24.84811301,24.84811301,24.84811301,24.84811301,24.84811301,24.84811301,24.84811301,24.84811301,24.84817734,24.84817734,24.84817734,24.84817734,24.84817734,24.84817734,24.84817734,24.84817734,24.84817734,24.84817734,24.84817734,24.84817734
BEB5,0,0,0,0,0,0,0,0,0,0,0,0,0,0,0,0,0,0,0,0,0,0,0,0,0,0,0,0,0,0,0,0,0,0,0,0,0,0,0,0,0,0,0,0,0,0,0,0,91.82437574,0,0,0,0,0,0,0,0,107.3470686,107.3470747,57.34271752,36.70025014,0,0,0,0,0,0,0,0,50.31695351,52.87983672,53.7382406,67.99943805,0,0,0,0,0,0,0,0,81.55834069,68.52853575,51.98319995,36.48431073,0,0,0,0,0,0,0,0,65.55663204,65.55663683,43.57637334,27.09960781,0,0,0,0,0,0,0,0,62.8857292,67.53447811,31.40918101,27.29512909,0,0,0,0,0,0,0,0,134.8148997,39.37865198,3.727119551,2.016998884,0,0,0,0,0,0,0,0,89.83388103,89.82915275,0.00118653,0.001177771,0,0,0,0,0,0,0,0,65.23543198,65.7659426,31.52709193,14.3271621,0,0,0,0,0,0,0,0,111.7406001,45.71760429,24.47599769,0.001189881,0,0,0,0,0,0,0,0,52.04963341,60.3094426,18.13700851,0,0,0,0,0,0,0,0,0,0,0,0,0,0,0,0,0,0,0,0,0,0,0,0,0,0,0,0,0,0,0,0,0,0,0,0,0,0,0,0,0,0,0,0,0,0,0,0,0.002025934,0,0,0,0,0,0,0,0,0.002026142,0.002026077,0.002026103,30.50302491,23.27008042,23.27007973,23.00837206,23.00837119,21.62980191,23.27819262,18.30054166,18.30054436,17.76969991,17.76969844,17.27069425,0.004260086,0.004260088,0.004260089,0.004259747,0.00425974,0.004259744,0.004259742,0.00425975,0.004259746,0.004259749,0.004259749,0.004259749,19.12399119,19.12399119,19.12399119,19.12399119,19.12399119,19.12399119,19.12399119,19.12399119,19.12399119,19.12399119,19.12399119,19.12399119,19.12425872,19.12425872,19.12425872,19.12425872,19.12425872,19.12425872,19.12425872,19.12425872,19.12425872,19.12425872,19.12425872,19.12425872,19.1243304,19.1243304,19.1243304,19.1243304,19.1243304,19.1243304,19.1243304,19.1243304,19.1243304,19.1243304,19.1243304,19.1243304
BEB6,0,0,0,0,0,0,0,0,0,0,0,0,0,0,0,0,0,0,0,0,0,0,0,0,0,0,0,0,0,0,0,0,0,0,0,0,0,0,0,0,0,0,0,0,0,0,0,0,0,66.86559233,51.13215554,40.92330443,38.91043001,0,0,0,0,0,0,0,0,34.87505667,34.69397312,67.8005992,105.7497846,0,0,0,0,0,0,0,0,59.14829449,64.13233424,61.32691958,49.05736396,0,0,0,0,0,0,0,0,65.56333238,50.9665652,42.85239117,42.85239612,0,0,0,0,0,0,0,0,69.40831762,63.28734664,27.98539562,27.9853964,0,0,0,0,0,0,0,0,91.49254117,40.22199008,28.63298844,29.3208429,0,0,0,0,0,0,0,0,112.1046631,67.21472562,0.336832019,0.330748242,0,0,0,0,0,0,0,0,88.19254182,63.80936319,12.51273559,12.55350635,0,0,0,0,0,0,0,0,87.07679762,65.72973356,15.72877079,13.18761631,0,0,0,0,0,0,0,0,175.9818091,1.03724456,0.820830274,0.82082706,0,0,0,0,0,0,0,0,0,0,0,0,0,0,0,0,0,0,0,0,0,0,0,0,0,0,0,0,0,0,0,0,0,0,0,0,0,0,0,0,0,0,0,0,0,0,0,0,0,0,0,0,0,0,0,0,0.002027726,0.002027606,0.002027711,0.002027644,0,0,0,0,0,0,0,0,28.31525401,28.31525371,27.92793822,27.92793701,25.9265161,28.32102505,21.28828699,21.28828952,20.5738921,20.57389032,19.90832335,0.004266669,0.004266671,0.004266673,0.004266303,0.004266295,0.0042663,0.004266298,0.004266306,0.004266302,0.004266306,0.004266306,0.004266306,22.40845377,22.40845377,22.40845377,22.40845377,22.40845377,22.40845377,22.40845377,22.40845377,22.40845377,22.40845377,22.40845377,22.40845377,22.40870531,22.40870531,22.40870531,22.40870531,22.40870531,22.40870531,22.40870531,22.40870531,22.40870531,22.40870531,22.40870531,22.40870531,22.40877528,22.40877528,22.40877528,22.40877528,22.40877528,22.40877528,22.40877528,22.40877528,22.40877528,22.40877528,22.40877528,22.40877528
BEB7,0,0,0,0,0,0,0,0,0,0,0,0,0,0,0,0,0,0,0,0,0,0,0,0,0,0,0,0,0,0,0,0,0,0,0,0,0,0,0,0,0,0,0,0,0,0,0,0,0,0,0,0,0,44.25529937,48.28949907,60.77089539,54.07408481,0,0,0,0,0,0,0,0,105.0349162,65.68915923,45.20435424,47.14466015,0,0,0,0,0,0,0,0,70.23388458,46.01676886,45.57183933,42.28514508,0,0,0,0,0,0,0,0,64.68862032,48.4038085,49.45511567,47.65652524,0,0,0,0,0,0,0,0,75.46378477,44.19469689,32.18419862,31.6238332,0,0,0,0,0,0,0,0,184.4450244,0.980068598,0.96941585,0.91817597,0,0,0,0,0,0,0,0,126.7872616,23.59471531,14.99311573,14.24341362,0,0,0,0,0,0,0,0,96.6541128,32.4261035,25.21700027,22.62406273,0,0,0,0,0,0,0,0,168.5656934,4.583582757,4.438617873,4.281880344,0,0,0,0,0,0,0,0,54.08503992,34.95441996,32.88521706,32.88495518,0,0,0,0,0,0,0,0,0,0,0,0,0,0,0,0,0,0,0,0,0,0,0,0,0,0,0,0,0,0,0,0,0,0,0,0,0,0,0,0,0,0,0,0,0,0,0,0,0,0,0,0,0,0,0,0,0.002028686,0.002028519,0.002028597,0.002028607,0,0,0,0,0,0,0,0,30.22610441,33.52473769,24.11470813,24.11471091,23.20300515,23.20300304,22.36077829,0.004270378,0.004270379,0.004270381,0.004269986,0.004269977,0.004269982,0.00426998,0.004269989,0.004269985,0.004269988,0.004269988,0.004269988,25.56032528,25.56032528,25.56032528,25.56032528,25.56032528,25.56032528,25.56032528,25.56032528,25.56032528,25.56032528,25.56032528,25.56032528,25.56058391,25.56058391,25.56058391,25.56058391,25.56058391,25.56058391,25.56058391,25.56058391,25.56058391,25.56058391,25.56058391,25.56058391,25.56065526,25.56065526,25.56065526,25.56065526,25.56065526,25.56065526,25.56065526,25.56065526,25.56065526,25.56065526,25.56065526,25.56065526
BEB8,0,0,0,0,0,0,0,0,0,0,0,0,0,0,0,0,0,0,0,0,0,0,0,0,0,0,0,0,0,0,0,0,0,0,0,0,0,0,0,0,0,0,0,0,0,0,0,0,0,0,0,0,0,0,0,0,0,0,0,0,0,0,0,0,0,0,30.45379729,26.6501419,27.32417798,24.00593386,24.58841847,24.77829391,0,0,0,0,0,0,33.28523988,33.04792794,31.26779346,43.91749948,39.61486131,33.29173468,0,0,0,0,0,0,42.31864405,43.10996594,41.72230137,36.08401666,36.08401965,28.09622126,0,0,0,0,0,0,56.57029852,38.40707843,37.60510379,29.99034642,31.06189381,20.1754088,0,0,0,0,0,0,113.6609868,57.54039564,14.21653627,8.694075511,7.429021063,2.648407874,0,0,0,0,0,0,107.5403606,31.38491341,28.29339331,18.3136504,18.31353061,0.001176484,0,0,0,0,0,0,94.1614663,52.9442104,42.81337191,4.068445502,4.071541381,3.808001564,0,0,0,0,0,0,71.41702433,48.22670924,34.78609391,21.61176452,16.62277042,12.62048172,0.001185818,0.001184958,0.001183629,0.001182467,0.001182465,0.001182103,0.001181954,0.001182045,0.001182048,0.001182362,0.001182682,0.001180507,0,0,0,0,0,0,0,0,0,0,0,0,0,0,0,0,0,0,0,0,0,0,0,0,0,0,0,0,0,0,0,0,0,0,0,0,0,0,0,0,0,0,0,0,0,0,0,0,0,0,0,0,0,0,0,0,0,0,0,0,0.001178907,0.001177257,0.001177257,0.001177306,0.001177306,0.001176888,0.001177511,0.001176068,0.001176069,0.001175866,0.001175866,0.001175663,0,0,0,0,0,0,0,0,0,0,0,0,0.001176378,0.001176378,0.001176378,0.001176378,0.001176378,0.001176378,0.001176378,0.001176378,0.001176378,0.001176378,0.001176378,0.001176378,0.001176396,0.001176396,0.001176396,0.001176396,0.001176396,0.001176396,0.001176396,0.001176396,0.001176396,0.001176396,0.001176396,0.001176396,0.0011764,0.0011764,0.0011764,0.0011764,0.0011764,0.0011764,0.0011764,0.0011764,0.0011764,0.0011764,0.0011764,0.0011764
BEB9,0,0,0,0,0,0,0,0,0,0,0,0,0,0,0,0,0,0,0,0,0,0,0,0,0,0,0,0,0,0,0,0,0,0,0,0,0,0,0,0,0,0,0,0,0,0,0,0,0,0,0,0,0,0,0,0,0,0,0,0,0,0,0,0,0,0,0,0,0,0,0,0,29.45216407,29.51669562,30.75811529,30.07025516,26.69846394,25.69893177,0,0,0,0,0,0,42.29038851,42.36223508,35.59792423,31.3819773,31.38197969,31.64693189,0,0,0,0,0,0,68.9127554,43.08710659,40.55211282,22.31120476,22.31120527,16.08119836,0,0,0,0,0,0,64.95295151,56.89209304,31.29933485,23.7756886,24.24856512,12.45727483,0,0,0,0,0,0,87.89616984,68.0453932,47.2511081,0.330963864,0.325492776,0.32131775,0,0,0,0,0,0,97.97401385,40.81140287,34.31097184,10.6690552,10.6987089,6.83224164,0,0,0,0,0,0,66.50133859,56.98656576,46.55196486,14.2622176,12.14238856,9.418220993,0,0,0,0,0,0,138.7663344,23.09467879,0.816366984,0.730704499,0.730705192,0.72620887,0.720941454,0.71966792,0.719665171,0.72084678,0.721693533,0.711921318,0,0,0,0,0,0,0,0,0,0,0,0,0,0,0,0,0,0,0,0,0,0,0,0,0,0,0,0,0,0,0,0,0,0,0,0,0,0,0,0,0,0,0,0,0,0,0,0,0.001990775,0.001990823,0.001990769,0.001990838,0.001990805,0.001990829,0.001990735,0.001990766,0.001990772,0.001990797,0.001990763,0.001990775,0.720007609,0.718753641,0.718753617,0.718535296,0.718535292,0.718017494,0.718081683,0.716435747,0.716435806,0.716139501,0.716139487,0.715820359,0.004121177,0.004121178,0.004121179,0.004121009,0.004121004,0.004121007,0.004121006,0.00412101,0.004121008,0.00412101,0.00412101,0.00412101,0.716463187,0.716463187,0.716463187,0.716463187,0.716463187,0.716463187,0.716463187,0.716463187,0.716463187,0.716463187,0.716463187,0.716463187,0.716468347,0.716468347,0.716468347,0.716468347,0.716468347,0.716468347,0.716468347,0.716468347,0.716468347,0.716468347,0.716468347,0.716468347,0.716469708,0.716469708,0.716469708,0.716469708,0.716469708,0.716469708,0.716469708,0.716469708,0.716469708,0.716469708,0.716469708,0.716469708
BEB10,0,0,0,0,0,0,0,0,0,0,0,0,0,0,0,0,0,0,0,0,0,0,0,0,0,0,0,0,0,0,0,0,0,0,0,0,0,0,0,0,0,0,0,0,0,0,0,0,0,0,0,0,0,0,0,0,0,0,0,0,0,0,0,0,0,0,0,0,0,23.85764635,25.87427506,26.08442094,29.17942122,27.33124383,28.39396572,0,0,0,0,0,0,51.76122732,45.93057399,37.67631628,28.73972988,28.7718998,25.45367798,0,0,0,0,0,0,57.50232334,57.50232765,39.72008933,25.52846393,20.77409085,20.16535373,0,0,0,0,0,0,55.91847152,59.61356266,29.51723614,25.84748598,24.40272439,17.97275303,0,0,0,0,0,0,152.7123097,41.64890273,3.746698487,2.022606276,2.007850296,1.980655171,0,0,0,0,0,0,101.925169,101.9193954,0.001185008,0.001176716,0.001172492,0.001171626,0,0,0,0,0,0,64.13349264,64.64676208,31.24370973,14.26544815,13.75048139,13.02858105,0,0,0,0,0,0,130.8383298,49.63975532,25.60278754,0.001189755,0.001188882,0.001187507,0.001186274,0.001186271,0.001185868,0.001185712,0.001185819,0.001185823,0.001186178,0.001186543,0.001184203,0,0,0,0,0,0,0,0,0,0,0,0,0,0,0,0,0,0,0,0,0,0,0,0,0,0,0,0,0,0,0,0,0,0,0,0,0,0,0,0,0,0,0,0,0,0,0,0,0,0,0,0,0,0,0,0,0,0,0,0,0.001182503,0.001180627,0.001180627,0.001180684,0.001180684,0.001180217,0.001180926,0.001179304,0.001179304,0.001179078,0.001179078,0.001178853,0,0,0,0,0,0,0,0,0,0,0,0,0.001179654,0.001179654,0.001179654,0.001179654,0.001179654,0.001179654,0.001179654,0.001179654,0.001179654,0.001179654,0.001179654,0.001179654,0.001179672,0.001179672,0.001179672,0.001179672,0.001179672,0.001179672,0.001179672,0.001179672,0.001179672,0.001179672,0.001179672,0.001179672,0.001179677,0.001179677,0.001179677,0.001179677,0.001179677,0.001179677,0.001179677,0.001179677,0.001179677,0.001179677,0.001179677,0.001179677
BEB11,0,0,0,0,0,0,0,0,0,0,0,0,0,0,0,0,0,0,0,0,0,0,0,0,0,0,0,0,0,0,0,0,0,0,0,0,0,0,0,0,0,0,0,0,0,0,0,0,0,0,0,0,0,0,0,0,0,0,0,0,0,0,0,0,0,0,0,0,0,0,0,0,0,0,0,34.53214526,32.63196237,31.15614354,25.09740995,24.96345733,23.92940037,0,0,0,0,0,0,40.05324856,40.05325161,40.4780258,33.29707901,33.79626791,32.93255194,0,0,0,0,0,0,58.7725561,58.77255967,29.28999848,22.80778018,19.09009383,18.89104153,0,0,0,0,0,0,91.82198981,98.26124683,20.7436154,0.932677645,0.923617562,0.878277252,0,0,0,0,0,0,81.80836966,49.90025953,34.69894931,15.40342274,11.20748791,10.78311282,0,0,0,0,0,0,76.2163713,77.59777152,15.3398835,11.55711967,10.48313689,10.00632448,0,0,0,0,0,0,120.0228692,51.43002763,23.21259068,3.870993594,3.767576737,3.654417823,0,0,0,0,0,0,4.700765014,4.700758845,4.490792343,4.284466238,4.250193102,4.250192189,4.302673284,4.354471903,3.717321223,0,0,0,0,0,0,0,0,0,0,0,0,0,0,0,0,0,0,0,0,0,0,0,0,0,0,0,0,0,0,0,0,0,0,0,0,0,0,0,0,0,0,0,0,0,0,0,0,0.001994875,0.001994926,0.001994868,0.00199494,0.001994905,0.00199493,0.001994834,0.001994866,0.001994872,0.001994898,0.001994863,0.001994876,3.659811763,3.52676184,3.526761565,3.520762891,3.520762833,3.486277018,3.526894887,3.38672268,3.386723407,3.367974999,3.367974847,3.349490654,0.004137856,0.004137857,0.004137858,0.004137682,0.004137677,0.00413768,0.004137678,0.004137683,0.004137681,0.004137683,0.004137683,0.004137683,3.413928109,3.413928109,3.413928109,3.413928109,3.413928109,3.413928109,3.413928109,3.413928109,3.413928109,3.413928109,3.413928109,3.413928109,3.413991887,3.413991887,3.413991887,3.413991887,3.413991887,3.413991887,3.413991887,3.413991887,3.413991887,3.413991887,3.413991887,3.413991887,3.414007275,3.414007275,3.414007275,3.414007275,3.414007275,3.414007275,3.414007275,3.414007275,3.414007275,3.414007275,3.414007275,3.414007275
BEB12,0,0,0,0,0,0,0,0,0,0,0,0,0,0,0,0,0,0,0,0,0,0,0,0,0,0,0,0,0,0,0,0,0,0,0,0,0,0,0,0,0,0,0,0,0,0,0,0,0.002615546,0,0.001404087,0,0.003619909,0,0.001403344,0,0.002615013,0,0,0,201.9445378,218.9656222,217.4624619,0,0,0,280.6328584,0,0.001138706,0,329.9984698,0,0.00139946,0,269.2577208,0,0,0,169.2645908,166.3016085,142.7990233,0,0,0,0.005117444,0,0.001405308,0,188.4926035,0,0.001406034,0,0.005214752,0,0,0,193.7564871,90.76224407,81.10106021,0,0,0,0.005623563,0,0.001418954,0,246.7040521,0,0.001395894,0,0.00200647,0,0,0,172.3036828,77.08745659,15.20967939,0,0,0,19.26973182,0,0.004339719,0,0.019862114,0,0.003673948,0,0.035279041,0,0,0,268.9857185,132.4329833,88.16927406,0,0,0,0.001607794,0,0.001134495,0,0.001442367,0,0,0,0.001200989,0,0,0,246.8483946,177.2447826,87.67176007,0,0,0,0,0,0,0,0,0,0,0,0,0,0,0,0,0,0,0,0,0,0,0,0,0,0,0,0,0,0,0,0,0,0,0,0,0,0,0,0,0,0,0,0,0,0,0,0,0,0,0,0,0,0,0,0,0,0,0,0,0,0,0,0,0,0,0,0,0,0.00203233,0.002032458,0.002032471,0.002032539,0.002032424,0.002032477,129.8715641,59.88468807,59.88469248,58.25293027,58.25292708,50.37039933,59.94125888,35.5440205,35.54402233,33.60850478,33.60850175,31.87799286,0.004283567,0.004283569,0.004283572,0.004283011,0.004283001,0.004283006,0.004283004,0.004283014,0.00428301,0.004283014,0.004283014,0.004283014,38.74201275,38.74201275,38.74201275,38.74201275,38.74201275,38.74201275,38.74201275,38.74201275,38.74201275,38.74201275,38.74201275,38.74201275,38.74187445,38.74187445,38.74187445,38.74187445,38.74187445,38.74187445,38.74187445,38.74187445,38.74187445,38.74187445,38.74187445,38.74187445,38.74183919,38.74183919,38.74183919,38.74183919,38.74183919,38.74183919,38.74183919,38.74183919,38.74183919,38.74183919,38.74183919,38.74183919
BEB13,0,0,0,0,0,0,0,0,0,0,0,0,0,0,0,0,0,0,0,0,0,0,0,0,0,0,0,0,0,0,0,0,0,0,0,0,0,0,0,0,0,0,0,0,0,0,0,0,0,0,0,131.8117603,117.1858348,118.888849,0,0,0,0.002607095,0,0.001401124,0,329.9999713,0,0.001140105,0,126.7273967,0,0,0,84.74467612,91.58485454,93.92690029,0,0,0,244.1185452,0,0.00140142,0,329.999116,0,0.001398244,0,91.15000352,0,0,0,86.49613311,86.49611188,88.40838223,0,0,0,0.005087151,0,0.001407166,0,240.0432854,0,0.001409118,0,0.005470997,0,0,0,117.2752847,130.3737737,42.26328724,0,0,0,0.001962432,0,0.001378813,0,0.001838505,0,0.001298392,0,0.001900146,0,0,0,253.5400452,175.35359,81.66572122,0,0,0,0.006167085,0,0.002079425,0,0.001465491,0,0.001130305,0,0.001575003,0,0,0,222.7357002,223.9922361,63.60570264,0,0,0,26.19397477,0,0.004262396,0,0.009928035,0,0.003959789,0,0.136973127,0,0,0,188.3541553,188.3541316,82.79279622,0,0,0,0,0,0,0,0,0,0,0,0,0,0,0,0,0,0,0,0,0,0,0,0,0,0,0,0,0,0,0,0,0,0,0,0,0,0,0,0,0,0,0,0,0,0,0,0,0,0,0,0,0,0,0,0,0,0,0,0,0,0,0,0,0,0,0,0,0,71.41916363,71.41916202,60.11773133,73.89635778,40.245448,40.24544688,37.78928255,37.78927965,35.6208095,0.004287465,0.004287468,0.00428747,0.004286841,0.00428683,0.004286837,0.004286834,0.004286845,0.00428684,0.004286844,0.004286844,0.004286844,44.37004861,44.37004861,44.37004861,44.37004861,44.37004861,44.37004861,44.37004861,44.37004861,44.37004861,44.37004861,44.37004861,44.37004861,44.36958716,44.36958716,44.36958716,44.36958716,44.36958716,44.36958716,44.36958716,44.36958716,44.36958716,44.36958716,44.36958716,44.36958716,44.36946476,44.36946476,44.36946476,44.36946476,44.36946476,44.36946476,44.36946476,44.36946476,44.36946476,44.36946476,44.36946476,44.36946476
BEB14,0,0,0,0,0,0,0,0,0,0,0,0,0,0,0,0,0,0,0,0,0,0,0,0,0,0,0,0,0,0,0,0,0,0,0,0,0,0,0,0,0,0,0,0,0,0,0,0,153.4190757,167.8378348,109.3184851,0,0,0,0.002605833,0,0.001401196,0,0.003601216,0,0.001396953,0,248.1489732,0,0,0,109.3316998,64.23946495,68.10569816,0,0,0,329.9344306,0,0.001392746,0,329.9995498,0,0.001394088,0,248.2810369,0,0,0,71.84380369,72.07887917,54.92691713,0,0,0,0.005218719,0,0.001407849,0,188.5526051,0,0.001408496,0,0.005194576,0,0,0,172.6824854,82.8846266,79.53849614,0,0,0,0.002044203,0,0.001417271,0,0.001821013,0,0.001337606,0,0.001918461,0,0,0,224.7328044,183.7635149,102.4292119,0,0,0,0.037557049,0,0.003722324,0,0.008209945,0,0.001124165,0,0.001577644,0,0,0,248.9749682,157.1044726,104.2144365,0,0,0,34.81760232,0,0.004226248,0,0.011195372,0,0.004185138,0,0.106176753,0,0,0,75.48684144,15.39867672,0.800880078,0,0,0,0,0,0,0,0,0,0,0,0,0,0,0,0,0,0,0,0,0,0,0,0,0,0,0,0,0,0,0,0,0,0,0,0,0,0,0,0,0,0,0,0,0,0,0,0,0,0,0,0,0,0,0,0,0,0,0,0,0,0,0,0,0,0,0,0,0,0.666347574,0.662037581,0.662037579,0,0,0,0.002585745,0,0,0,0,0,0,0,0,0,0,0,0,0,0,0,0,0,0.005344686,0.005344686,0.005344686,0.005344686,0.005344686,0.005344686,0.005344686,0.005344686,0.005344686,0.005344686,0.005344686,0.005344686,86.20981994,86.20981996,86.20981994,86.20981996,86.20981994,86.20981996,86.20981994,86.20981996,86.20981994,86.20981996,86.20981994,86.20981996,133.7881339,133.7881339,133.7881339,133.7881339,133.7881339,133.7881339,133.7881339,133.7881339,133.7881339,133.7881339,133.7881339,133.7881339
BEB15,0,0,0,0,0,0,0,0,0,0,0,0,0,0,0,0,0,0,0,0,0,0,0,0,0,0,0,0,0,0,0,0,0,0,0,0,0,0,0,0,0,0,0,0,0,0,0,0,0,0.003463003,0,0.001380023,0,0.002538193,0,0,0,0.124819092,0.12481909,0.123281782,0,0,0,0.135064677,0,0.001121005,0,329.9996344,0,0.001120721,0,0.123589383,0,0,0,0.125167622,0.124406834,0.124144011,0,0,0,17.0386343,0,0.001372439,0,178.4967635,0,0.001381965,0,0.004841208,0,0,0,0.122659053,0.122659053,0.121384806,0,0,0,0.005053167,0,0.001383238,0,238.753691,0,0.001382074,0,0.005018154,0,0,0,34.53056856,35.53219163,14.91538546,0,0,0,0.001888439,0,0.001301739,0,0.001101489,0,0,0,0.001125598,0,0,0,85.19567815,85.19136482,0.001179101,0,0,0,0.001579784,0,0.001132975,0,0.00141464,0,0.00113188,0,0.001555249,0,0,0,101.0399236,46.91476487,22.20898358,0,0,0,0.001401826,0,0.001054925,0,0,0,0,0,0,0,0,0,0.001420249,0.001420515,0.001418122,0,0,0,0,0,0,0,0,0,0,0,0,0,0,0,0,0,0,0,0,0,0,0,0,0,0,0,0,0,0,0,0,0,0,0,0,0,0,0,0,0,0,0,0,0,0,0,0,0,0,0,0,0,0,0,0,0,0,0,0,0,0,0,0,0,0,0,0,0,0.001415658,0.001415658,0.001415459,0,0,0,0,0,0,0,0,0,0,0,0,0.005283257,0.005283257,0.005283257,0.005283257,0.005283257,0.005283257,0.005283257,0.005283257,0.005283257,0.005283257,0.005283257,0.005283257,35.2054157,35.2054157,35.2054157,35.2054157,35.2054157,35.2054157,35.2054157,35.2054157,35.2054157,35.2054157,35.2054157,35.2054157,42.78671082,42.78671082,42.78671082,42.78671082,42.78671082,42.78671082,42.78671082,42.78671082,42.78671082,42.78671082,42.78671082,42.78671082
BEB16,0,0,0,0,0,0,0,0,0,0,0,0,0,0,0,0,0,0,0,0,0,0,0,0,0,0,0,0,0,0,0,0,0,0,0,0,0,0,0,0,0,0,0,0,0,0,0,0,0.001401296,0,0.00260766,0,0,0,77.81072673,110.8533741,92.55723739,0,0,0,329.9932527,0,0.001138148,0,329.9999709,0,0.001136052,0,280.5067807,0,0,0,73.99565351,63.64898393,69.42129129,0,0,0,226.0638989,0,0.001393528,0,329.9990295,0,0.001402883,0,0.005105538,0,0,0,97.87820761,101.6745254,95.22965455,0,0,0,0.005095088,0,0.001407993,0,242.8085117,0,0.001410093,0,0.005555962,0,0,0,132.7744528,107.9520966,43.49410545,0,0,0,0.001948676,0,0.001348307,0,0.001853103,0,0,0,0.001160297,0,0,0,289.6556611,127.1268645,93.77634168,0,0,0,0.00159687,0,0.00113483,0,0.001459317,0,0.001132551,0,0.001572609,0,0,0,209.3081194,176.7455457,124.2854867,0,0,0,9.396329039,0,0.003888848,0,0.009464388,0,0,0,0,0,0,0,170.5374953,146.5322039,146.5344969,0,0,0,0,0,0,0,0,0,0,0,0,0,0,0,0,0,0,0,0,0,0,0,0,0,0,0,0,0,0,0,0,0,0,0,0,0,0,0,0,0,0,0,0,0,0,0,0,0,0,0,0.002036919,0.002037279,0.002036893,0,0,0,0,0,0,0,0,0,0.001768328,0,0.002630006,0,0,0,87.89377807,44.40731027,44.4073076,41.44680022,41.44679707,38.86054767,0.004289348,0.004289351,0.004289353,0.004288706,0.004288695,0.004288701,0.004288699,0.00428871,0.004288705,0.004288709,0.004288709,0.004288709,49.45091279,49.45091279,49.45091279,49.45091279,49.45091279,49.45091279,49.45091279,49.45091279,49.45091279,49.45091279,49.45091279,49.45091279,49.45024648,49.45024648,49.45024648,49.45024648,49.45024648,49.45024648,49.45024648,49.45024648,49.45024648,49.45024648,49.45024648,49.45024648,49.45006395,49.45006395,49.45006395,49.45006395,49.45006395,49.45006395,49.45006395,49.45006395,49.45006395,49.45006395,49.45006395,49.45006395
BEB17,0,0,0,0,0,0,0,0,0,0,0,0,0,0,0,0,0,0,0,0,0,0,0,0,0,0,0,0,0,0,0,0,0,0,0,0,0,0,0,0,0,0,0,0,0,0,0,0,0,0,0,0.002382871,0,0.001333112,0,0.003178679,0,0.001332139,0,0.002381314,0,0,0,0.028346634,0.028441747,0.028381696,0,0,0,0.028507412,0,0.001088381,0,329.999307,0,0.001326241,0,180.3671108,0,0,0,0.086726264,0.086206413,0.085341875,0,0,0,0.004795165,0,0.001378762,0,169.8676776,0,0.001377535,0,0.00471747,0,0,0,31.92706507,31.9270668,20.53099545,0,0,0,0.006069838,0,0.001431036,0,0.001778133,0,0.001352166,0,0.001895651,0,0,0,128.5652217,38.6594639,3.720518791,0,0,0,0.050222451,0,0.003944429,0,0.00858958,0,0.002033612,0,0.005779241,0,0,0,75.95749627,77.34810342,15.33241214,0,0,0,0.00158547,0,0.0011457,0,0.001078264,0,0,0,0.001196264,0,0,0,103.6401719,44.02077258,23.97664498,0,0,0,0,0,0,0,0,0,0,0,0,0,0,0,0,0,0,0,0,0,0,0,0,0,0,0,0,0,0,0,0,0,0,0,0,0,0,0,0,0,0,0,0,0,0,0,0,0,0,0,0,0,0,0,0,0,0,0,0,0,0,0,0,0,0,0,0,0,0.00202781,0.002027725,0.002027764,0,0,0,0.002618733,0,0.001763635,0,0.002132201,0,0.001769689,0,0.002632871,0,0,0,0.004267559,0.00426755,0.004267555,0.004267553,0.004267561,0.004267558,0.004267561,0.004267561,0.004267561,23.63426781,23.63426781,23.63426781,23.63426781,23.63426781,23.63426781,23.63426781,23.63426781,23.63426781,23.63426781,23.63426781,23.63426781,23.63443587,23.63443587,23.63443587,23.63443587,23.63443587,23.63443587,23.63443587,23.63443587,23.63443587,23.63443587,23.63443587,23.63443587,23.63447686,23.63447686,23.63447686,23.63447686,23.63447686,23.63447686,23.63447686,23.63447686,23.63447686,23.63447686,23.63447686,23.63447686
BEB18,0,0,0,0,0,0,0,0,0,0,0,0,0,0,0,0,0,0,0,0,0,0,0,0,0,0,0,0,0,0,0,0,0,0,0,0,0,0,0,0,0,0,0,0,0,0,0,0,0.001582453,0.001582123,0.001582616,0.001582859,0.001581025,0.001582871,0,0,0,0,0,0,0,0.002923856,0,96.1179282,211.5874318,95.42022363,93.06498998,0.52098475,93.38301824,0,0.003359649,0,0,0,0,0,0,0,56.43902576,54.88973051,56.43868752,56.28888065,54.80211384,56.28858061,0,0,0,0.001426672,0,0,0,0.005193126,0,15.86632717,0.077712172,15.86503969,65.78353967,21.66409011,65.78518054,0,19.12860208,0,0,0,0.009363266,0,0,0,32.51037551,32.50770247,32.51041815,22.7956545,22.79374729,22.79565862,0,0,0,76.46524338,0,0,0,0.014591278,0,36.01104438,36.00875405,36.02912728,0.238786725,0.044499827,0.23992108,0,19.12763104,0,0,0,0.005964238,0,0,0,32.39919013,32.39727351,32.18463737,22.91911373,22.91314578,22.9191097,0,0,0,0.002952889,0,0,0,0.012105294,0,7.851764651,88.4070832,88.39715528,0,0,0,0,0.001010323,0,0,0,0,0,0,0,0,0,0,0,0,0,0,0,0,0,0,0,0,0,0,0,0,0,0,0,0,0,0,0,0,0,0,0,0,0,0,0,0,0,0,0,0,0,0,0,0,0,0,0,0,0,0,0,0,0,0,0,0,0,0,0,0,0,0,0,0.003678928,0.003678923,0.00367894,0.003678949,0.003679023,0.003678971,0.003678942,0.003678659,0.00367898,0.003706084,0.00370598,0.003705994,0.001014298,0.001014294,0.001014301,0.001014299,0.001014296,0.001014303,0.001014321,0.001014366,0.00101437,0.001014376,0.001014376,0.001014376,25.57854133,25.57854133,25.57854133,25.57854133,25.57854133,25.57854133,25.57854133,25.57854133,25.57854133,25.57854133,25.57854133,25.57854133,25.79803142,25.79803142,25.79803142,25.79803142,25.79803142,25.79803142,25.79803142,25.79803142,25.79803142,25.79803142,25.79803142,25.79803142,25.77231401,25.77231401,25.77231401,25.77231401,25.77231401,25.77231401,25.77231401,25.77231401,25.77231401,25.77231401,25.77231401,25.77231401
BEB19,0,0,0,0,0,0,0,0,0,0,0,0,0,0,0,0,0,0,0,0,0,0,0,0,0,0,0,0,0,0,0,0,0,0,0,0,0,0,0,0,0,0,0,0,0,0,0,0,0.001107201,0.001107437,0.001107318,0,0,0,0,0,0,0,0,0,108.8382329,61.4008268,108.7609438,108.6504974,58.85343905,108.6497064,0,0,0,0,0,0,0,0.003128073,0,0.050323113,98.10069503,86.76962816,0.049401839,0.026871202,0.049192057,0,0.013174639,0,0,0,0.001267335,0,0,0,49.10146463,0.013917789,49.1014617,43.39950602,0.011661905,43.39944323,0,0,0,0.001401107,0,0,0,0.005228883,0,92.46316396,0.118317839,92.46737572,0.002353555,0.002352583,0.002353561,0,19.12324781,0,0,0,89.41960395,0,0,0,20.01822903,24.18288926,20.02515202,4.097934967,4.085475524,4.098028962,0,0,0,76.46347155,0,0,0,0.00994701,0,31.78468537,17.32178642,31.78452427,12.74858605,12.74127989,2.133107097,0,19.07592505,0,0,0,0.007479181,0,0,0,41.5567084,43.77004497,24.65564152,17.85755052,18.45048759,18.4687796,0,0,0,0,0,0,0,0.001010423,0,0.001146157,0.001146186,0.001145589,0,0,0,0,0,0,0,0,0,0,0,0,0,0,0,0,0,0,0,0,0,0,0,0,0,0,0,0,0,0,0,0,0,0,0,0,0,0,0,0,0,0,0,0,0,0,0,0,0,0,0,0,0,0,0,0,0,0,0,0,4.492856744,4.480246748,4.490923257,0,0.007308781,0,0,0,0.002685719,0,0,0,0.00101436,0.001014356,0.001014363,0.001014362,0.001014358,0.001014365,0.001014382,0.001014426,0.001014428,0.001014434,0.001014434,0.001014434,30.51240008,30.51240009,30.51240008,30.51240009,30.51240008,30.51240009,30.51240008,30.51240009,30.51240008,30.51240009,30.51240008,30.51240009,30.51547109,30.51547109,30.51547109,30.51547109,30.51547109,30.51547109,30.51547109,30.51547109,30.51547109,30.51547109,30.51547109,30.51547109,30.48074697,30.48074696,30.48074697,30.48074696,30.48074697,30.48074696,30.48074697,30.48074696,30.48074697,30.48074696,30.48074697,30.48074696
BEB20,0,0,0,0,0,0,0,0,0,0,0,0,0,0,0,0,0,0,0,0,0,0,0,0,0,0,0,0,0,0,0,0,0,0,0,0,0,0,0,0,0,0,0,0,0,0,0,0,0,0,0,0,0,0,0.001637564,0.001637051,0.001637613,0.001637637,0.001635757,0.001637844,0,0,0,0,0,0,0,0.003104695,0,247.1259452,245.82667,247.0953768,0.075640067,0.028464829,0.04059501,0,0.135468968,0,0,0,0.001289977,0,0,0,46.21756274,0.01781854,46.21738002,46.21631536,0.014893912,46.21621118,0,0,0,0.00139733,0,0,0,0.004970014,0,37.30506994,0.078430581,37.30648309,55.09144531,0.191208477,55.08510104,0,19.12835085,0,0,0,0.007811693,0,0,0,30.77316161,30.77190828,30.77226693,24.53766529,24.52336107,24.53874204,0,0,0,0.004883643,0,0,0,60.54158477,0,48.84150532,27.80813988,47.84966503,0.002057978,0.002057705,0.002057945,0,19.11613738,0,0,0,89.34370043,0,0,0,12.31558277,16.92684724,16.90817243,8.054460158,9.73262345,12.1892581,0,0,0,69.01985147,0,0,0,0.001012053,0,0.001145876,0.00114584,0.001145755,0.001145638,0.001145675,0.001145676,0,0.001010603,0,0,0,0,0,0,0,0,0,0,0,0,0,0,0,0,0,0,0,0,0,0,0,0,0,0,0,0,0,0,0,0,0,0,0,0,0,0,0,0,0,0,0,0,0,0,0,0,0,0,0,0,0,0,0,0,0,0,0,0,0,0,0,0.002685442,0,0,0,0.003679295,0.003679012,0.003679333,0.003706436,0.003706332,0.003706346,0.001014345,0.00101434,0.001014348,0.001014346,0.001014343,0.00101435,0.001014367,0.001014413,0.001014416,0.001014422,0.001014422,0.001014422,28.93332504,28.93332505,28.93332504,28.93332505,28.93332504,28.93332505,28.93332504,28.93332505,28.93332504,28.93332505,28.93332504,28.93332505,28.95344224,28.95344223,28.95344224,28.95344223,28.95344224,28.95344223,28.95344224,28.95344223,28.95344224,28.95344223,28.95344224,28.95344223,28.92348943,28.92348942,28.92348943,28.92348942,28.92348943,28.92348942,28.92348943,28.92348942,28.92348943,28.92348942,28.92348943,28.92348942
BEB21,0,0,0,0,0,0,0,0,0,0,0,0,0,0,0,0,0,0,0,0,0,0,0,0,0,0,0,0,0,0,0,0,0,0,0,0,0,0,0,0,0,0,0,0,0,0,0,0,0,0.001535267,0,0.001890854,0.001890446,0.001890865,0.001890092,0.001890403,0.001890163,0,0.001534867,0,0,0,0,0,0,0,46.90039165,45.72530584,46.89910155,46.85489221,41.21518383,46.85617545,0,0,0,0.001016727,0,0,0,0.003765916,0,205.7399742,87.40966171,172.5764744,0.003590658,0.003438822,0.003590663,0,0.003569606,0,0,0,0.001275,0,0,0,43.12944393,0.012253497,43.12943625,49.38308678,0.012192052,49.38311991,0,0,0,0.003886238,0,0,0,0.017023939,0,40.58343933,33.31942479,40.58304157,23.51887786,23.51546988,23.50264897,0,19.13279389,0,0,0,0.010779304,0,0,0,49.21647443,42.71684592,49.21843793,8.349089602,8.344887943,8.068007248,0,0,0,0.002829897,0,0,0,0.010357593,0,66.48647678,51.96553139,66.48649104,0.004548505,0.004713673,0.004715035,0,18.97944561,0,0,0,75.01420783,0,0,0,0,0,0,0,0,0,0,0,0,0,0,0,0,0,0,0,0,0,0,0,0,0,0,0,0,0,0,0,0,0,0,0,0,0,0,0,0,0,0,0,0,0,0,0,0,0,0,0,0,0,0,0,0,0,0,0,0,0,0,0,0,0,0,0,0,0,0,0,0,0,0,0,0,0.00730882,0,4.482046379,4.465562208,4.486415701,4.490306878,4.479926375,4.491084311,0,0.00760364,0,0,0,0,0,0,0,0.001014415,0.001014459,0.001014462,0.001014468,0.001014468,0.001014468,32.69328962,32.69328962,32.69328962,32.69328962,32.69328962,32.69328962,32.69328962,32.69328962,32.69328962,32.69328962,32.69328962,32.69328962,32.60905855,32.60905854,32.60905855,32.60905854,32.60905855,32.60905854,32.60905855,32.60905854,32.60905855,32.60905854,32.60905855,32.60905854,32.57575877,32.57575876,32.57575877,32.57575876,32.57575877,32.57575876,32.57575877,32.57575876,32.57575877,32.57575876,32.57575877,32.57575876
BEB22,0,0,0,0,0,0,0,0,0,0,0,0,0,0,0,0,0,0,0,0,0,0,0,0,0,0,0,0,0,0,0,0,0,0,0,0,0,0,0,0,0,0,0,0,0,0,0,0,0,0.001536562,0,0.001892444,0.001891942,0.001892457,0.001891573,0.001891941,0.001891653,0,0.001535806,0,0,0,0,0,0,0,61.77513717,60.14386655,61.77637651,61.68919463,57.5321167,61.68799096,0,0,0,0.001017044,0,0,0,0.003767723,0,236.295812,112.3954046,211.9307042,0.003592269,0.003440475,0.003592278,0,0.003569939,0,0,0,0.001275091,0,0,0,43.12835321,0.012254015,43.12837526,49.38418265,0.012192568,49.38418299,0,0,0,0.00388629,0,0,0,0.017024025,0,40.58419963,33.31902161,40.58376964,23.51843626,23.51512154,23.50235401,0,19.13279403,0,0,0,0.010778637,0,0,0,49.20741555,42.71502614,49.20995664,8.349352514,8.345189095,8.068351592,0,0,0,0.001402755,0,0,0,0.002158497,0,0.00267739,0.002679677,0.00267735,0.001720538,0.001743667,0.001743467,0,0.001469362,0,0,0,0.001060354,0,0,0,0,0,0,0,0,0,0,0,0,0,0,0,0,0,0,0,0,0,0,0,0,0,0,0,0,0,0,0,0,0,0,0,0,0,0,0,0,0,0,0,0,0,0,0,0,0,0,0,0,0,0,0,0,0,0,0,0,0,0,0,0,0,0,0,0,0,0,0,0,0,0,0,0,0,0,0.001012802,0.001012812,0.001012817,0.001012947,0.001012755,0.00101306,0.001014708,0.001014711,0.001014731,0,0,0,0,0,0,0,0,0,0,0,0,0.007137868,0.007137868,0.007137868,0.007137868,0.007137868,0.007137868,0.007137868,0.007137868,0.007137868,0.007137868,0.007137868,0.007137868,38.93615706,38.93615706,38.93615706,38.93615706,38.93615706,38.93615706,38.93615706,38.93615706,38.93615706,38.93615706,38.93615706,38.93615706,69.00340678,69.00340678,69.00340678,69.00340678,69.00340678,69.00340678,69.00340678,69.00340678,69.00340678,69.00340678,69.00340678,69.00340678
BEB23,0,0,0,0,0,0,0,0,0,0,0,0,0,0,0,0,0,0,0,0,0,0,0,0,0,0,0,0,0,0,0,0,0,0,0,0,0,0,0,0,0,0,0,0,0,0,0,0,0.001580937,0.001580635,0.001581069,0.001581271,0.001579754,0.00158128,0,0,0,0,0,0,0,0.002921184,0,68.99600644,154.5450809,69.26833626,68.96684624,0.520485142,68.80552631,0,0.003357357,0,0,0,0,0,0,0,52.0442269,50.63223069,52.04449509,51.91414502,50.53782645,51.91751832,0,0,0,0.001426553,0,0,0,0.005192842,0,15.86751727,0.07771097,15.86612332,65.78211255,21.66474501,65.7836764,0,19.12860146,0,0,0,0.009362909,0,0,0,32.51053327,32.50801766,32.51062713,22.79549653,22.79339039,22.79549166,0,0,0,76.46524328,0,0,0,0.014591731,0,36.01112654,36.00884966,36.02894733,0.238785423,0.044500206,0.239919849,0,18.97745272,0,0,0,0.00140722,0,0,0,0.001805519,0.001805299,0.0018043,0.001804514,0.001804853,0.001804496,0,0,0,0.00108417,0,0,0,0.001473266,0,0.001682672,0.001657634,0.001656631,0,0,0,0,0,0,0,0,0,0,0,0,0,0,0,0,0,0,0,0,0,0,0,0,0,0,0,0,0,0,0,0,0,0,0,0,0,0,0,0,0,0,0,0,0,0,0,0,0,0,0,0,0,0,0,0,0,0,0,0,0,0,0,0,0,0,0,0,0,0,0,0,0,0,0,0,0,0,0,0,0,0,0,0,0,0,0,0,0,0,0,0,0,0,0,0,0.007143012,0.007143012,0.007143012,0.007143012,0.007143012,0.007143012,0.007143012,0.007143012,0.007143012,0.007143012,0.007143012,0.007143012,42.28411233,42.28411233,42.28411233,42.28411233,42.28411233,42.28411233,42.28411233,42.28411233,42.28411233,42.28411233,42.28411233,42.28411233,79.49323805,79.49323805,79.49323805,79.49323805,79.49323805,79.49323805,79.49323805,79.49323805,79.49323805,79.49323805,79.49323805,79.49323805
BEB24,0,0,0,0,0,0,0,0,0,0,0,0,0,0,0,0,0,0,0,0,0,0,0,0,0,0,0,0,0,0,0,0,0,0,0,0,0,0,0,0,0,0,0,0,0,0,0,0,0,0,0,0,0,0,0,0.001049282,0,0.001203693,0.001203499,0.001203775,0.008921029,0.004398617,0.004645587,0,0.001896441,0,0,0,0,0,0,0,108.467706,0.020263972,108.3497271,108.3521248,8.958631703,108.5355282,0,0,0,0.001224335,0,0,0,0.003270157,0,0.008968375,0.007935914,0.008968612,0.009213185,0.008092947,0.009212854,0,0.00324363,0,0,0,0.001228649,0,0,0,55.90328777,0.010029333,55.90328795,54.73295034,0.008645787,54.7329824,0,0,0,0.003479623,0,0,0,0.012691416,0,46.29762931,17.66276942,46.68919449,0.002981716,0.003027183,0.002984125,0,0.002213105,0,0,0,0.011369204,0,0,0,0.001903647,0.001903062,0.001903609,0.001884677,0.001883378,0.001884633,0,0,0,0.001401345,0,0,0,0.001481695,0,0.001710015,0.001726563,0.00173453,0.001705682,0.001725672,0.001690081,0,0.001424393,0,0,0,0,0,0,0,0,0,0,0,0,0,0,0,0,0,0,0,0,0,0,0,0,0,0,0,0,0,0,0,0,0,0,0,0,0,0,0,0,0,0,0,0,0,0,0,0,0,0,0,0,0,0,0,0,0,0,0,0,0,0,0,0,0,0,0,0,0,0,0,0,0,0,0,0,0,0,0,0,0,0,0.00101395,0.001013956,0.001013975,0,0,0,0,0,0,0,0,0,0,0,0,0.007117681,0.007117681,0.007117681,0.007117681,0.007117681,0.007117681,0.007117681,0.007117681,0.007117681,0.007117681,0.007117681,0.007117681,29.44061103,29.44061103,29.44061103,29.44061103,29.44061103,29.44061103,29.44061103,29.44061103,29.44061103,29.44061103,29.44061103,29.44061103,44.33341566,44.33341566,44.33341566,44.33341566,44.33341566,44.33341566,44.33341566,44.33341566,44.33341566,44.33341566,44.33341566,44.33341566
BEB25,0,0,0,0,0,0,0,0,0,0,0,0,0,0,0,0,0,0,0,0,0,0,0,0,0,0,0,0,0,0,0,0,0,0,0,0,0,0,0,0,0,0,0,0,0,0,0,0,0,0,0,0,0,0,0.001633905,0.001633493,0.001633945,0.001633942,0.001632602,0.001634079,0,0,0,0,0,0,0,0.003097834,0,111.1569458,109.6588836,111.0581157,0.073274431,0.02808684,0.039954166,0,0.00366702,0,0,0,0.001288207,0,0,0,27.65590339,0.01755131,27.65608282,27.65767491,0.014787894,27.65777243,0,0,0,0.001395704,0,0,0,0.004959281,0,24.3035617,0.076720129,24.30519952,30.90309896,0.183982135,30.9093519,0,0.005005856,0,0,0,0.00776262,0,0,0,19.84751979,19.84741013,19.84798166,17.04346604,17.03719287,17.04276635,0,0,0,0.004873321,0,0,0,38.25783661,0,26.90155386,18.91817575,26.58195646,0.002054678,0.002054425,0.002054648,0,0.0016678,0,0,0,0.001383373,0,0,0,0.001267681,0.001269977,0.001269945,0.001264925,0.001267449,0.001267767,0,0,0,0.001060847,0,0,0,0,0,0,0,0,0,0,0,0,0,0,0,0,0,0,0,0,0,0,0,0,0,0,0,0,0,0,0,0,0,0,0,0,0,0,0,0,0,0,0,0,0,0,0,0,0,0,0,0,0,0,0,0,0,0,0,0,0,0,0,0,0,0,0,0,0,0,0,0,0,0,0,0,0,0,0,0,0,0,0,0,0,0,0,0,0,0,0,0,0,0,0,0,0,0,0.007118521,0.007118521,0.007118521,0.007118521,0.007118521,0.007118521,0.007118521,0.007118521,0.007118521,0.007118521,0.007118521,0.007118521,29.44073627,29.44073627,29.44073627,29.44073627,29.44073627,29.44073627,29.44073627,29.44073627,29.44073627,29.44073627,29.44073627,29.44073627,44.33540987,44.33540986,44.33540987,44.33540986,44.33540987,44.33540986,44.33540987,44.33540986,44.33540987,44.33540986,44.33540987,44.33540986
BEB26,0,0,0,0,0,0,0,0,0,0,0,0,0,0,0,0,0,0,0,0,0,0,0,0,0,0,0,0,0,0,0,0,0,0,0,0,0,0,0,0,0,0,0,0,0,0,0,0,0,0,0,0,0,0,189.7006233,189.6925133,189.699088,153.9746564,153.9789578,153.9757336,0,0,0,0,0,0,0.00599918,0.006558082,0.006025508,0.005950569,0.039534507,0.005924861,0,0,0,0,0,0,7.192508742,8.119334037,7.1847539,13.73477579,6.858097069,4.712942493,0,0,0,0,0,0,156.1863984,136.2954877,156.1780995,127.1194204,115.2047131,127.1197627,0,0,0,0,0,0,113.8229758,110.0467572,113.7975526,72.88071879,67.55577237,72.91635585,0,0,0,0,0,0,131.769032,131.7670142,42.38039238,0.035295902,0.03729611,0.037342823,0,0,0,0,0,0,120.9870626,64.0072205,120.9975063,0.004554923,0.004557893,0.00455995,0,0,0,0,0,0,32.5981521,32.60665451,0.115584011,16.50079133,15.72918065,16.50039232,0,0,0,0,0,0,0.004741856,0.00479643,0.004318777,0.004417292,0.004579505,0.004566012,0,0,0,0,0,0,0,0,0,0,0,0,0,0,0,0,0,0,0,0,0,0,0,0,0,0,0,0,0,0,0,0,0,0,0,0,0,0,0,0,0,0,0,0,0,0,0,0,0,0,0,0,0,0,0,0,0,0,0,0,0,0,0,0,0,0,0,0,0,0,0,0,0,0,0,0,0,0,0.001782231,0.001781117,0.001782581,0.001787901,0.001787806,0.001787985,0,0,0,0,0,0,0,0,0,0,0,0,90.64214944,90.64214944,90.64214944,90.64214944,90.64214944,90.64214944,90.64214944,90.64214944,90.64214944,90.64214944,90.64214944,90.64214944,72.31293533,72.31293533,72.31293533,72.31293533,72.31293533,72.31293533,72.31293533,72.31293533,72.31293533,72.31293533,72.31293533,72.31293533,57.04145787,57.04145787,57.04145787,57.04145787,57.04145787,57.04145787,57.04145787,57.04145787,57.04145787,57.04145787,57.04145787,57.04145787
BEB27,0,0,0,0,0,0,0,0,0,0,0,0,0,0,0,0,0,0,0,0,0,0,0,0,0,0,0,0,0,0,0,0,0,0,0,0,0,0,0,0,0,0,0,0,0,0,0,0,115.7189264,115.7295002,115.7236943,139.8865931,139.8866912,139.8864548,0,0,0,0,0,0,22.99035444,0.006126019,0.006030662,0.006068472,0.010065677,0.005950275,0,0,0,0,0,0,25.67904537,7.158645312,6.697477843,6.738251006,71.59025439,50.3534631,0,0,0,0,0,0,109.8721526,98.20234875,109.8781684,119.3726975,105.1930238,119.3718539,0,0,0,0,0,0,79.28324097,80.78799298,79.28168075,93.29558098,78.56293001,93.2967567,0,0,0,0,0,0,107.78087,107.8231454,107.8122083,0.051049712,0.05103474,0.051049167,0,0,0,0,0,0,95.92516933,113.9967863,95.9608131,0.040934692,0.040935966,0.040938122,0,0,0,0,0,0,94.88354812,94.8775109,94.87764469,7.135564518,7.091033468,7.135949578,0,0,0,0,0,0,20.05696808,40.22144884,40.21561951,3.683650607,4.844980376,4.9708152,0,0,0,0,0,0,0,0,0,0,0,0,0,0,0,0,0,0,0,0,0,0,0,0,0,0,0,0,0,0,0,0,0,0,0,0,0,0,0,0,0,0,0,0,0,0,0,0,0,0,0,0,0,0,0,0,0,0,0,0,0,0,0,0,0,0,0,0,0,0,0,0,0,0,0,0,0,0,0.002971762,0.00297299,0.002972474,0.002972099,0.002972084,0.002972032,0,0,0,0,0,0,0,0,0,0,0,0,0,0,0,0,0,0,90.66070704,90.66070704,90.66070704,90.66070704,90.66070704,90.66070704,90.66070704,90.66070704,90.66070704,90.66070704,90.66070704,90.66070704,72.31195648,72.31195648,72.31195648,72.31195648,72.31195648,72.31195648,72.31195648,72.31195648,72.31195648,72.31195648,72.31195648,72.31195648,57.03012217,57.03012217,57.03012217,57.03012217,57.03012217,57.03012217,57.03012217,57.03012217,57.03012217,57.03012217,57.03012217,57.03012217
BEB28,0,0,0,0,0,0,0,0,0,0,0,0,0,0,0,0,0,0,0,0,0,0,0,0,0,0,0,0,0,0,0,0,0,0,0,0,0,0,0,0,0,0,0,0,0,0,0,0,177.9797368,177.9715772,177.9757106,0,0,0,0,0,0,139.7242052,139.7202892,139.7247162,23.48284082,0.006135092,0.006036144,0,0,0,0,0,0,0.005946272,0.039489771,0.005921173,27.54025508,7.297264182,6.819960868,0,0,0,0,0,0,13.30966528,6.749115512,4.662367387,142.6337833,126.5526855,142.6272437,0,0,0,0,0,0,117.5826763,106.7902617,117.5824709,84.13843702,85.7926658,84.14124125,0,0,0,0,0,0,118.5909216,106.9386968,118.5628915,17.72604811,17.66631622,17.68139296,0,0,0,0,0,0,3.403645373,146.6255645,155.9786751,0.003041409,0.003042569,0.003040473,0,0,0,0,0,0,54.13190422,121.2571316,130.6072886,0.002483934,0.002483791,0.002483942,0,0,0,0,0,0,39.30272568,35.42813101,39.30337029,0.004793981,0.004817652,0.004815428,0,0,0,0,0,0,0.004435737,0.004594585,0.004580919,0,0,0,0,0,0,0,0,0,0,0,0,0,0,0,0,0,0,0,0,0,0,0,0,0,0,0,0,0,0,0,0,0,0,0,0,0,0,0,0,0,0,0,0,0,0,0,0,0,0,0,0,0,0,0,0,0,0,0,0,0,0,0,0,0,0,0,0,0,0,0,0,0.001850394,0.001851284,0.001850974,0,0,0,0,0,0,0.001788127,0.001788026,0.001788206,0,0,0,0,0,0,0,0,0,0,0,0,90.6493666,90.6493666,90.6493666,90.6493666,90.6493666,90.6493666,90.6493666,90.6493666,90.6493666,90.6493666,90.6493666,90.6493666,72.31243126,72.31243126,72.31243126,72.31243126,72.31243126,72.31243126,72.31243126,72.31243126,72.31243126,72.31243126,72.31243126,72.31243126,57.0359349,57.0359349,57.0359349,57.0359349,57.0359349,57.0359349,57.0359349,57.0359349,57.0359349,57.0359349,57.0359349,57.0359349
BEB29,0,0,0,0,0,0,0,0,0,0,0,0,0,0,0,0,0,0,0,0,0,0,0,0,0,0,0,0,0,0,0,0,0,0,0,0,0,0,0,0,0,0,0,0,0,0,0,0,0,0,0,153.8128853,153.8130506,153.8136319,103.9970981,104.0084756,103.9997941,0,0,0,0,0,0,0.006072421,0.010051308,0.005952202,0.005990134,0.006536494,0.00601519,0,0,0,0,0,0,6.79770249,78.17248392,53.69842869,6.937765172,7.801156242,6.930205962,0,0,0,0,0,0,133.1334157,116.8804477,133.135566,102.8671741,90.76475872,102.873789,0,0,0,0,0,0,101.9428634,84.96006784,101.9434853,80.59798834,78.46256356,80.60693443,0,0,0,0,0,0,103.511475,98.84564542,103.5138622,0.059722067,0.059721991,0.05860376,0,0,0,0,0,0,101.9357995,101.9437073,101.9501513,0.058702502,0.058452107,0.058706025,0,0,0,0,0,0,72.26415417,67.61284023,72.26650827,46.83782064,46.8262228,0.193724276,0,0,0,0,0,0,14.47339945,21.016162,31.81368229,18.05285568,27.99190045,0.645467287,0,0,0,0,0,0,0,0,0,0,0,0,0,0,0,0,0,0,0,0,0,0,0,0,0,0,0,0,0,0,0,0,0,0,0,0,0,0,0,0,0,0,0,0,0,0,0,0,0,0,0,0,0,0,0,0,0,0,0,0,0,0,0,0,0,0,0,0,0,0,0,0,0,0,0,0,0,0,0.002976454,0.002976451,0.002976396,0.00297829,0.00297652,0.002978876,0,0,0,0,0,0,0,0,0,0,0,0,0,0,0,90.66057539,90.66057539,90.66057539,90.66057539,90.66057539,90.66057539,90.66057539,90.66057539,90.66057539,90.66057539,90.66057539,90.66057539,72.31207782,72.31207782,72.31207782,72.31207782,72.31207782,72.31207782,72.31207782,72.31207782,72.31207782,72.31207782,72.31207782,72.31207782,57.03015042,57.03015042,57.03015042,57.03015042,57.03015042,57.03015042,57.03015042,57.03015042,57.03015042,57.03015042,57.03015042,57.03015042
BEB30,0,0,0,0,0,0,0,0,0,0,0,0,0,0,0,0,0,0,0,0,0,0,0,0,0,0,0,0,0,0,0,0,0,0,0,0,0,0,0,0,0,0,0,0,0,0,0,0,0,0,40.06598934,33.45844142,32.0932107,32.25476165,34.37734341,40.41167564,0,0,0,0,0,0,28.88037631,49.09353059,68.07198111,55.54936081,41.35988765,32.01599267,0,0,0,0,0,0,50.12912757,48.35518123,40.29220961,38.07843903,29.42677791,29.24215444,0,0,0,0,0,0,42.65503912,36.77429266,36.77429599,37.13662331,30.99336689,31.42854305,0,0,0,0,0,0,83.40178187,31.55541559,31.55541704,20.40041195,17.02476801,14.86087591,0,0,0,0,0,0,85.72626191,47.08822954,48.94056969,16.88931169,0.92223086,0.91350107,0,0,0,0,0,0,190.1936092,0.347509555,0.34028281,0.33475335,0.318740638,0.311056823,0,0,0,0,0,0,138.6738208,14.28363706,14.33594284,8.152341013,6.944779149,6.542378172,0,0,0,0,0,0,131.3693028,18.23850964,14.91100202,11.00302101,3.267918396,3.194039847,3.112334892,2.952591118,2.834824348,2.689534039,0.001170281,0.001169472,0.00116823,0.001167219,0.001167217,0.001166919,0.001166786,0.001166849,0.001166851,0.001167101,0.001167355,0.00116551,0,0,0,0,0,0,0,0,0,0,0,0,0,0,0,0,0,0,0,0,0,0,0,0,0,0,0,0,0,0,0,0,0,0,0,0,0,0,0,0,0,0,0,0,0,0,0,0,0,0,0,0,0,0,0,0,0,0,0,0,0.001164178,0.00116289,0.00116289,0.001162929,0.001162929,0.001162593,0.001163078,0.001161946,0.001161946,0.001161785,0.001161785,0.001161621,0,0,0,0,0,0,0,0,0,0,0,0,0.001162187,0.001162187,0.001162187,0.001162187,0.001162187,0.001162187,0.001162187,0.001162187,0.001162187,0.001162187,0.001162187,0.001162187,0.001162204,0.001162204,0.001162204,0.001162204,0.001162204,0.001162204,0.001162204,0.001162204,0.001162204,0.001162204,0.001162204,0.001162204,0.001162208,0.001162208,0.001162208,0.001162208,0.001162208,0.001162208,0.001162208,0.001162208,0.001162208,0.001162208,0.001162208,0.001162208
BEB31,0,0,0,0,0,0,0,0,0,0,0,0,0,0,0,0,0,0,0,0,0,0,0,0,0,0,0,0,0,0,0,0,0,0,0,0,0,0,0,0,0,0,0,0,0,0,0,0,35.32013055,36.67669526,0,0,0,0,0,0,38.40464557,45.66476358,45.66476086,32.59174862,24.60051039,25.58539965,0,0,0,0,0,0,39.62271605,33.05138645,34.15922676,34.52345178,40.10729333,36.72093977,0,0,0,0,0,0,35.24596339,52.042278,46.15211898,37.82700881,28.82709638,28.85999885,0,0,0,0,0,0,52.44428238,43.89394784,43.89395184,32.64030104,22.38581489,18.64133368,0,0,0,0,0,0,53.75894693,39.57729925,41.44305522,24.14277821,21.62686317,20.60435801,0,0,0,0,0,0,149.8638265,20.4539991,14.59867512,3.207938862,1.854058668,1.841742641,0,0,0,0,0,0,115.2120542,38.154087,38.15347957,0.001181321,0.001174044,0.001170241,0,0,0,0,0,0,149.5574956,4.407602008,4.411353715,4.103169065,3.544061271,3.51105237,3.462063472,2.964670891,2.859333927,2.677315368,1.70139121,1.681103768,1.657970253,1.612106369,1.575972572,1.530166174,0.001157956,0.001157179,0.001155995,0.00115507,0.001155068,0.001154811,0.001154689,0.001154735,0.001154737,0.001154951,0.001155163,0.00115352,0,0,0,0,0,0,0,0,0,0,0,0,0,0,0,0,0,0,0,0,0,0,0,0,0,0,0,0,0,0,0,0,0,0,0,0,0,0,0,0,0,0,0,0,0,0,0,0,0,0,0,0,0,0,0,0,0,0,0,0,0.001152349,0.001151264,0.001151264,0.001151295,0.001151295,0.001151006,0.001151413,0.001150456,0.001150456,0.001150319,0.001150319,0.001150178,0,0,0,0,0,0,0,0,0,0,0,0,0.001150661,0.001150661,0.001150661,0.001150661,0.001150661,0.001150661,0.001150661,0.001150661,0.001150661,0.001150661,0.001150661,0.001150661,0.001150677,0.001150677,0.001150677,0.001150677,0.001150677,0.001150677,0.001150677,0.001150677,0.001150677,0.001150677,0.001150677,0.001150677,0.001150681,0.001150681,0.001150681,0.001150681,0.001150681,0.001150681,0.001150681,0.001150681,0.001150681,0.001150681,0.001150681,0.001150681
BEB32,0,0,0,0,0,0,0,0,0,0,0,0,0,0,0,0,0,0,0,0,0,0,0,0,0,0,0,0,0,0,0,0,0,0,0,0,0,0,0,0,0,0,0,0,0,0,0,0,0,0,0,0,0,33.93657379,36.29084048,43.06592738,39.52001459,47.23900008,47.23899798,0,0,0,0,0,0,66.33682548,47.22345832,35.45955017,36.65436187,30.94854979,31.91962644,0,0,0,0,0,0,45.36842635,33.6415501,33.40004659,31.58279556,44.54312672,40.1240877,0,0,0,0,0,0,45.63188169,36.7314683,37.33623203,36.2870671,31.93505457,31.93505682,0,0,0,0,0,0,56.35360736,36.60732981,27.93035873,27.50317874,23.1792367,23.81831686,0,0,0,0,0,0,194.208152,0.98067665,0.970021847,0.918730546,0.8807477,0.864951517,0,0,0,0,0,0,117.0670223,23.25935966,14.86539147,14.12779649,11.07898416,11.07894746,0,0,0,0,0,0,100.0924423,32.87119776,25.48444344,22.83597987,3.750865751,3.753508869,0,0,0,0,0,0,169.1438913,4.582220882,4.437489831,4.280997406,3.982700555,3.770878302,3.516723783,0.001175543,0.001174722,0.001173441,0.001172375,0.001172373,0.001172041,0.001171902,0.001171979,0.001171982,0.00117226,0.001172549,0.001170567,0,0,0,0,0,0,0,0,0,0,0,0,0,0,0,0,0,0,0,0,0,0,0,0,0,0,0,0,0,0,0,0,0,0,0,0,0,0,0,0,0,0,0,0,0,0,0,0,0,0,0,0,0,0,0,0,0,0,0,0,0.001169137,0.001167685,0.001167685,0.001167731,0.001167731,0.001167357,0.001167906,0.001166641,0.001166641,0.001166461,0.001166461,0.001166279,0,0,0,0,0,0,0,0,0,0,0,0,0.001166909,0.001166909,0.001166909,0.001166909,0.001166909,0.001166909,0.001166909,0.001166909,0.001166909,0.001166909,0.001166909,0.001166909,0.001166926,0.001166926,0.001166926,0.001166926,0.001166926,0.001166926,0.001166926,0.001166926,0.001166926,0.001166926,0.001166926,0.001166926,0.00116693,0.00116693,0.00116693,0.00116693,0.00116693,0.00116693,0.00116693,0.00116693,0.00116693,0.00116693,0.00116693,0.00116693
BEB33,0,0,0,0,0,0,0,0,0,0,0,0,0,0,0,0,0,0,0,0,0,0,0,0,0,0,0,0,0,0,0,0,0,0,0,0,0,0,0,0,0,0,0,0,0,0,0,0,26.98144407,27.77103115,24.51760877,21.85003783,21.25576248,0,0,0,0,0,0,30.00711721,23.0935856,23.95996188,23.87372673,36.31339327,46.04032686,0,0,0,0,0,0,34.71184156,40.3587835,36.93259295,38.88215529,37.79193007,32.63954021,0,0,0,0,0,0,52.29106823,36.65937566,36.71261317,31.50024243,28.14381946,28.14382182,0,0,0,0,0,0,77.66562371,37.69256299,28.20734761,27.09335667,17.49987138,17.49987159,0,0,0,0,0,0,53.73415773,42.88096034,39.10026383,24.92606321,19.89996118,20.23114423,0,0,0,0,0,0,178.5392154,4.357325921,4.288923778,4.166366367,0.289064358,0.287702416,0,0,0,0,0,0,94.24597828,34.10618355,22.55183964,20.39445321,8.794811852,8.815303717,0,0,0,0,0,0,93.59651103,20.80044771,19.72398233,18.27136736,9.661219227,8.639446629,7.166689885,2.819480778,2.764468567,2.703117197,2.582192646,2.491791444,2.379174466,0.001167291,0.001166488,0.001165269,0.001164289,0.001164287,0.001164009,0.001163881,0.001163936,0.001163938,0.001164169,0.001164402,0.001162636,0,0,0,0,0,0,0,0,0,0,0,0,0,0,0,0,0,0,0,0,0,0,0,0,0,0,0,0,0,0,0,0,0,0,0,0,0,0,0,0,0,0,0,0,0,0,0,0,0,0,0,0,0,0,0,0,0,0,0,0,0.001161359,0.001160169,0.001160169,0.001160202,0.001160202,0.00115989,0.001160338,0.001159284,0.001159284,0.001159134,0.001159134,0.001158981,0,0,0,0,0,0,0,0,0,0,0,0,0.00115951,0.00115951,0.00115951,0.00115951,0.00115951,0.00115951,0.00115951,0.00115951,0.00115951,0.00115951,0.00115951,0.00115951,0.001159526,0.001159526,0.001159526,0.001159526,0.001159526,0.001159526,0.001159526,0.001159526,0.001159526,0.001159526,0.001159526,0.001159526,0.00115953,0.00115953,0.00115953,0.00115953,0.00115953,0.00115953,0.00115953,0.00115953,0.00115953,0.00115953,0.00115953,0.00115953
BEB34,0,0,0,0,0,0,0,0,0,0,0,0,0,0,0,0,0,0,0,0,0,0,0,0,0,0,0,0,0,0,0,0,0,0,0,0,0,0,0,0,0,0,0,0,0,0,0,0,0.002602367,0,87.22941257,62.19006711,57.76428345,58.27893205,65.27164583,0,0.002603722,0,0,0.001400402,0.001396396,0.001141696,0.001137849,0,0,66.01530038,0,64.67081022,68.5808352,51.42242227,54.10508292,55.00757577,0,296.6054805,0,0,0.001401868,0.001401497,0.001393957,0.001395623,0,0,39.05581808,0,70.86063005,71.10310259,54.36110981,45.27576974,45.27577276,0,0.005225942,0,0,0.001408191,0.001408217,0.00140811,0.001407374,0,0,0.005413687,0,153.8808012,69.28230487,44.07991887,43.04860685,33.39523488,0,0.006000322,0,0,0.001405257,0.00135722,0.001356957,0.001357048,0,0,0.001890084,0,318.4956511,6.152991039,2.56392449,2.540136843,2.496588079,0,0.050020578,0,0,0.003691905,0.003693346,0.002035931,0.002036489,0,0,0.001567626,0,142.5690288,145.9542942,17.34123582,12.65906098,11.38244139,0,0.001583482,0,0,0,0,0,0,0,0,0.001180923,0,220.2902186,59.67841327,32.85712966,20.2141481,0.00119113,0,0,0,0,0,0,0,0,0,0,0,0,0,0,0,0,0,0,0,0,0,0,0,0,0,0,0,0,0,0,0,0,0,0,0,0,0,0,0,0,0,0,0,0,0,0,0,0,0,0,0,0,0,0,0,0,0,0,0,0,0,0,0,0.002033594,0.002033702,0.002033427,0.002033588,0.002033603,0,0,0,0,0.001767587,0.001767409,0.00176723,0.001767259,0,0,0.002625965,0,36.80919846,36.80919521,34.74793731,0.004285619,0.004285621,0.004285624,0.004285038,0.004285028,0.004285033,0.004285031,0.004285041,0.004285037,0.004285041,0.004285041,0.004285041,43.03129747,43.03129747,43.03129747,43.03129747,43.03129747,43.03129747,43.03129747,43.03129747,43.03129747,43.03129747,43.03129747,43.03129747,43.03100489,43.03100489,43.03100489,43.03100489,43.03100489,43.03100489,43.03100489,43.03100489,43.03100489,43.03100489,43.03100489,43.03100489,43.03092037,43.03092037,43.03092037,43.03092037,43.03092037,43.03092037,43.03092037,43.03092037,43.03092037,43.03092037,43.03092037,43.03092037
BEB35,0,0,0,0,0,0,0,0,0,0,0,0,0,0,0,0,0,0,0,0,0,0,0,0,0,0,0,0,0,0,0,0,0,0,0,0,0,0,0,0,0,0,0,0,0,0,0,0,0.001399399,0.001399883,0.001399572,0.001400085,0,0,0.002599945,0,58.58042947,76.41254785,76.41256001,46.24209417,31.71333652,0,161.0092094,0,0,0.001134222,0.00113539,0.00115405,0.001136619,0,0,72.21313138,0,53.92246366,58.09102871,55.76133814,45.35515759,42.57962233,0,248.1950391,0,0,0.001394462,0.00139206,0.001402038,0.001402489,0,0,0.004815187,0,62.92673263,64.66959685,61.69589203,50.34114387,50.34114559,0,0.005129312,0,0,0.001410206,0.001410366,0.001410093,0.001409734,0,0,0.005401684,0,125.1457533,83.41943339,70.96282378,35.27956537,26.01650065,0,0.001954005,0,0,0.001344424,0.001296851,0.001299507,0.001299714,0,0,0.001154001,0,192.2090633,90.50784682,21.47166405,14.09898442,13.43417069,0,0.006002457,0,0,0.001131523,0.001131472,0.001129027,0.001128979,0,0,0.001571143,0,127.4056996,128.989421,43.07937389,16.34698288,15.67476849,0,6.195723935,0,0,0.004224463,0.004264708,0.003874711,0.003938975,0,0,0,0,289.5428075,7.686960971,7.686984183,7.138474277,6.642764392,0,0,0,0,0,0,0,0,0,0,0,0,0,0,0,0,0,0,0,0,0,0,0,0,0,0,0,0,0,0,0,0,0,0,0,0,0,0,0,0,0,0,0,0,0,0,0,0,0,0,0,0,0,0,0,0,0,0,0,0,0,0,0,0.002033155,0.002033224,130.2502445,59.92939325,59.92939865,0,0.002625944,0,0,0.001767138,0.001767725,0.001773199,0.001773233,0,0,0,0,0.004284185,0.004284175,0.004284181,0.004284179,0.004284189,0.004284184,0.004284188,0.004284188,0.004284188,39.2776685,39.2776685,39.2776685,39.2776685,39.2776685,39.2776685,39.2776685,39.2776685,39.2776685,39.2776685,39.2776685,39.2776685,39.27737399,39.27737399,39.27737399,39.27737399,39.27737399,39.27737399,39.27737399,39.27737399,39.27737399,39.27737399,39.27737399,39.27737399,39.27729422,39.27729422,39.27729422,39.27729422,39.27729422,39.27729422,39.27729422,39.27729422,39.27729422,39.27729422,39.27729422,39.27729422
BEB36,0,0,0,0,0,0,0,0,0,0,0,0,0,0,0,0,0,0,0,0,0,0,0,0,0,0,0,0,0,0,0,0,0,0,0,0,0,0,0,0,0,0,0,0,0,0,0,0,40.28183063,42.04899394,35.05992392,0,0.002598918,0,0,0.001399032,0.001398765,0.001398445,0.001398373,0,0,292.8253361,0,46.07709736,62.62467856,51.76012617,39.1617269,30.66054524,0,124.3033064,0,0,0.001396601,0.001393653,0.001391645,0.001392821,0,0,165.4951168,0,37.08222133,56.15520125,49.36453861,39.96481369,30.04555784,0,0.005117299,0,0,0.001406744,0.001405405,0.001405357,0.001405287,0,0,0.005065736,0,134.9213541,118.0678303,36.33974037,36.33974183,22.32261225,0,0.005745928,0,0,0.001427423,0.001427376,0.001396569,0.001396609,0,0,0.001886251,0,205.3181196,94.06610253,15.84372183,9.277627159,7.851494637,0,12.10633592,0,0,0.003912778,0.003912661,0.003912649,0.003661736,0,0,0.005710729,0,204.3012423,49.75851185,28.56762134,25.20014668,9.587815302,0,0.001583393,0,0,0.001123675,0.001134514,0.00113437,0.001134384,0,0,0.001186755,0,261.5540125,59.34776455,4.32088126,4.19208125,4.051872589,0,0.124759413,0,0,0,0,0,0,0,0,0,0,108.4532136,138.5769656,22.63935539,0,0,0,0,0,0,0,0,0,0,0,0,0,0,0,0,0,0,0,0,0,0,0,0,0,0,0,0,0,0,0,0,0,0,0,0,0,0,0,0,0,0,0,0,0,0,0,0,0.002031432,0.002031643,0.002031417,0.002031579,0.002031458,0,0,0,0,0,0,0,0.001765855,0,0,0.00262327,0,39.87047218,45.76228455,29.91665958,29.91666106,28.52799041,28.52798814,27.26713141,0.004278747,0.004278749,0.004278752,0.004278226,0.004278217,0.004278222,0.00427822,0.00427823,0.004278225,0.004278229,0.004278229,0.004278229,32.16421671,32.16421671,32.16421671,32.16421671,32.16421671,32.16421671,32.16421671,32.16421671,32.16421671,32.16421671,32.16421671,32.16421671,32.16417084,32.16417084,32.16417084,32.16417084,32.16417084,32.16417084,32.16417084,32.16417084,32.16417084,32.16417084,32.16417084,32.16417084,32.16415803,32.16415803,32.16415803,32.16415803,32.16415803,32.16415803,32.16415803,32.16415803,32.16415803,32.16415803,32.16415803,32.16415803
BEB37,0,0,0,0,0,0,0,0,0,0,0,0,0,0,0,0,0,0,0,0,0,0,0,0,0,0,0,0,0,0,0,0,0,0,0,0,0,0,0,0,0,0,0,0,0,0,0,0,0,0,0.00259901,0,38.00202192,38.22965328,41.22956527,50.14563837,45.42803391,0,0.0025995,0,0,0.001140937,0.00113715,0.001138637,0.001227048,0,0,273.374719,0,39.12758482,40.68667372,41.20401392,49.34888666,44.35331146,0,148.4288009,0,0,0.001394156,0.001395814,0.001393833,0.001397698,0,0,0.005083504,0,74.92733629,59.11899749,59.11900083,60.05856333,45.70878026,0,0.005240271,0,0,0.001409076,0.001408326,0.001408484,0.001408545,0,0,0.005436427,0,97.56150725,93.22165198,58.74727108,62.84738869,30.29740403,0,0.002036741,0,0,0.001366664,0.001366774,0.001335558,0.001335831,0,0,0.001843643,0,153.9598102,110.8739593,66.58664741,0.337484779,0.331333887,0,0.036937329,0,0,0.002043736,0.002044291,0.002044629,0.001122217,0,0,0.00155477,0,215.127284,47.83342541,33.74002793,29.27530083,3.899411178,0,0.001590078,0,0,0,0,0,0,0,0,0.00117685,0,257.5687296,75.51667966,0.001196041,0.001195234,0.001193636,0,0,0,0,0,0,0,0,0,0,0,0,0,0,0,0,0,0,0,0,0,0,0,0,0,0,0,0,0,0,0,0,0,0,0,0,0,0,0,0,0,0,0,0,0,0,0,0,0,0,0,0,0,0,0,0,0,0,0,0,0,0,0,0.002033644,0.002033807,0.002033822,0.002033905,0.002033762,0,0.002628486,0,0,0.001767383,0.001767411,0.001767409,0.001767952,0,0,0.002640683,0,36.05780696,0.004286597,0.004286599,0.004286602,0.004286004,0.004285993,0.004285999,0.004285997,0.004286007,0.004286003,0.004286007,0.004286007,0.004286007,45.03982964,45.03982964,45.03982964,45.03982964,45.03982964,45.03982964,45.03982964,45.03982964,45.03982964,45.03982964,45.03982964,45.03982964,45.03945609,45.03945609,45.03945609,45.03945609,45.03945609,45.03945609,45.03945609,45.03945609,45.03945609,45.03945609,45.03945609,45.03945609,45.03934833,45.03934833,45.03934833,45.03934833,45.03934833,45.03934833,45.03934833,45.03934833,45.03934833,45.03934833,45.03934833,45.03934833
BEB38,0,0,0,0,0,0,0,0,0,0,0,0,0,0,0,0,0,0,0,0,0,0,0,0,0,0,0,0,0,0,0,0,0,0,0,0,0,0,0,0,0,0,0,0,0,0,0,0,0.002601543,0,0,0.001400886,0.001400728,0.001400877,0.001399826,0,0,0.002602793,0,87.58520489,47.83756628,51.61990951,51.23164525,145.6881192,0,85.69479454,0,0,0.001137194,0.001134572,0.001348627,0.001133204,0,0,123.2963678,0,98.38772611,87.440557,53.36387077,52.77426128,48.44083392,0,52.67841973,0,0,0.00140359,0.001403207,0.00140409,0.001403162,0,0,0.004876377,0,106.4003765,106.4003536,60.34131358,32.93127646,25.44360925,0,0.005460345,0,0,0.00141158,0.001411685,0.001411506,0.001410309,0,0,0.001969472,0,169.1535264,72.93256513,77.25456112,19.4613434,0.929956909,0,0.001939123,0,0,0.001303105,0,0,0,0,0,0.001129054,0,148.9225938,109.0980347,36.850097,36.84966333,0.001187087,0,0.001593583,0,0,0.001131635,0.001131663,0.001131174,0.001131239,0,0,0.001550532,0,127.1939862,100.6913249,73.8907083,16.2056235,13.51902472,0,7.91998075,0,0,0.003948209,0.004097198,0.004086936,0,0,0,0,0,99.96310371,51.19834729,46.89828568,46.89778794,53.98389322,0,0,0,0,0,0,0,0,0,0,0,0,0,0,0,0,0,0,0,0,0,0,0,0,0,0,0,0,0,0,0,0,0,0,0,0,0,0,0,0,0,0,0,0,0,0,0,0,0,0,0.002038982,0,0,0,0,0,0,0,0,0,0,0,0,180.6150035,180.6149973,174.0636242,174.0636372,136.8313121,0,0.002633581,0,0,0.001777475,0.001777634,0,0,0,0,0,0,0,0,0,0,0,0,19.79628954,19.79628954,19.79628954,19.79628954,19.79628954,19.79628954,19.79628954,19.79628954,19.79628954,19.79628954,19.79628954,19.79628954,18.66180099,18.66180099,18.66180099,18.66180099,18.66180099,18.66180099,18.66180099,18.66180099,18.66180099,18.66180099,18.66180099,18.66180099,17.39441337,17.39441337,17.39441337,17.39441337,17.39441337,17.39441337,17.39441337,17.39441337,17.39441337,17.39441337,17.39441337,17.39441337
BEB39,0,0,0,0,0,0,0,0,0,0,0,0,0,0,0,0,0,0,0,0,0,0,0,0,0,0,0,0,0,0,0,0,0,0,0,0,0,0,0,0,0,0,0,0,0,0,0,0,28.67047812,29.56353648,25.90259161,22.94398233,22.28824936,0,0.002593056,0,0,0.001397288,0.001397231,0.001397295,0.001393564,0,0,277.9599287,0,45.4277503,35.38709688,28.28465195,29.0463386,25.32431047,0,52.10010983,0,0,0.001391718,0.001392878,0.001399981,0.001399616,0,0,143.3015942,0,64.35022806,49.44776063,35.17786316,35.23065696,30.39005419,0,0.004854847,0,0,0.001406746,0.001406678,0.001406331,0.001406344,0,0,0.005065263,0,124.7354121,124.7354004,41.55744662,29.67778905,23.68590325,0,0.005957971,0,0,0.0014003,0.001400338,0.001400279,0.00135282,0,0,0.001883155,0,277.1769234,30.67353307,19.17000723,3.385269372,1.912262732,0,31.26274426,0,0,0.003925208,0.003672259,0.003670958,0.003672357,0,0,0.005741547,0,159.0680415,104.3915822,13.66427306,13.71358102,7.950251073,0,0.001603556,0,0,0.001144642,0.00114466,0,0,0,0,0.001190269,0,152.6165888,83.11512208,50.64380461,26.95164772,19.61144224,0,0,0,0,0,0,0,0,0,0,0,0,208.4202375,0,0,0,0,0,0,0,0,0,0,0,0,0,0,0,0,0,0,0,0,0,0,0,0,0,0,0,0,0,0,0,0,0,0,0,0,0,0,0,0,0,0,0,0,0,0,0,0,0,0,0.002041661,0.002042003,0.002041733,0.002041944,0.002041436,0,0,0,0,0,0.001772395,0.001772945,0.001772719,0,0,0.002637394,0,174.5975385,174.5975159,152.2544398,152.2544688,131.3266175,0,0,0,0,0,0,0,0,0,0,0,0,24.86180572,24.86180572,24.86180572,24.86180572,24.86180572,24.86180572,24.86180572,24.86180572,24.86180572,24.86180572,24.86180572,24.86180572,23.09857984,23.09857984,23.09857984,23.09857984,23.09857984,23.09857984,23.09857984,23.09857984,23.09857984,23.09857984,23.09857984,23.09857984,21.19200162,21.19200162,21.19200162,21.19200162,21.19200162,21.19200162,21.19200162,21.19200162,21.19200162,21.19200162,21.19200162,21.19200162
BEB40,0,0,0,0,0,0,0,0,0,0,0,0,0,0,0,0,0,0,0,0,0,0,0,0,0,0,0,0,0,0,0,0,0,0,0,0,0,0,0,0,0,0,0,0,0,0,0,0,19.56686115,19.98023915,18.23555503,16.71546037,16.36547616,16.40722283,16.94428793,18.30596619,17.62452435,19.03311334,19.03311009,16.27959839,13.99973979,14.31412708,14.28316814,17.98757702,20.12347771,18.81342629,16.81573262,15.01531122,15.22717857,14.1348708,14.33453835,14.39893669,15.29814923,14.77258702,15.0782091,14.90963676,14.02767369,13.74574978,12.41648551,12.38356768,12.12351256,13.6691916,13.21625381,12.42011542,11.25582622,11.26041448,10.71179629,10.29025357,10.29025338,10.31869077,9.776462748,9.819361681,9.744458267,9.397604995,9.397605094,8.743947532,7.783010167,7.274158256,7.197448471,6.280773681,6.280773535,5.662412972,5.366803014,5.131460453,5.116929342,4.944968513,4.973601912,4.57699992,4.478152045,4.43260279,4.161894726,3.993727229,4.007047133,3.465847521,0.75979974,0.754494322,0.725484217,0.703029734,0.693775348,0.593347583,0.522817488,0.521852725,0.520031846,0.215410742,0.215180936,0.214900409,0,0,0,0,0,0,0,0,0.001493627,0.001490841,0.001490675,0.001490821,0.001488119,0.0014881,0.001487614,0.001484962,0.001485017,0.001484957,0.001133895,0.001135101,0.001135084,0.001105834,0.001105849,0.001105872,0.001105814,0.001105848,0.001105846,0.001076425,0.001076387,0.001075953,0,0,0,0,0,0,0,0,0,0,0,0,0,0,0,0,0,0,0,0,0,0,0,0,0,0,0,0,0,0,0,0,0,0,0,0,0,0,0,0,0,0,0,0,0,0,0,0,0,0,0,0,0,0,0,0,0,0,0,0,0,0,0,0,0,0,0,0,0,0,0,0,0,0,0,0,0,0,0,0,0,0,0,0,0,0,0,0,0,0,0,0,0,0,0,0,0.002855951,0.002855951,0.002855951,0.002855951,0.002855951,0.002855951,0.002855951,0.002855951,0.002855951,0.002855951,0.002855951,0.002855951,0.088009316,0.088009316,0.088009316,0.088009316,0.088009316,0.088009316,0.088009316,0.088009316,0.088009316,0.088009316,0.088009316,0.088009316,32.8508792,32.8508792,32.8508792,32.8508792,32.8508792,32.8508792,32.8508792,32.8508792,32.8508792,32.8508792,32.8508792,32.8508792
BEB41,0,0,0,0,0,0,0,0,0,0,0,0,0,0,0,0,0,0,0,0,0,0,0,0,0,0,0,0,0,0,0,0,0,0,0,0,0,0,0,0,0,0,0,0,0,0,0,0,19.52684188,19.93842495,18.20169298,16.68763477,16.33923654,16.38043162,16.9152197,18.27078099,17.59257717,18.99457034,18.99456449,16.25330237,13.98213662,14.29521016,14.26432178,17.95586794,20.08145744,18.77790068,16.78805964,14.99428052,15.20514234,14.11641438,14.31507887,14.37928326,15.27494678,14.75140142,15.05569322,14.88785124,14.00905108,13.72798005,12.40226064,12.36942102,12.11023734,13.6510351,13.1996631,12.40569471,11.2443265,11.24875933,10.70156198,10.28083044,10.28082985,10.30904277,9.767964065,9.810609995,9.735843356,9.389754555,9.389754571,8.737039002,7.777603891,7.269579256,7.192853968,6.277372127,6.27737196,5.659736634,5.364329666,5.129264199,5.11467784,4.942849952,4.971396849,4.575206379,4.476314386,4.430802845,4.160361484,3.992306858,4.005576301,3.464771312,0.759790436,0.754482535,0.725473767,0.703016645,0.693764052,0.593330863,0.522800647,0.521833868,0.520012803,0.21541778,0.215188469,0.214907248,0.213714185,0.212910264,0.21280519,0.212087836,0.212087903,0.001116078,0,0,0,0,0,0,0,0,0.001487758,0.001485108,0.001485137,0.001485102,0.001133853,0.00113506,0.001135042,0.001105842,0.001105858,0.00110588,0.001105822,0.001105857,0.001105854,0.001076504,0.00107646,0.001075964,0,0,0,0,0,0,0,0,0,0,0,0,0,0,0,0,0,0,0,0,0,0,0,0,0,0,0,0,0,0,0,0,0,0,0,0,0,0,0,0,0,0,0,0,0,0,0,0,0,0,0,0,0,0,0,0,0,0,0,0,0,0,0,0,0,0,0,0,0,0,0,0,0,0,0,0,0,0,0,0,0,0,0,0,0,0,0,0,0,0,0,0,0,0,0,0,0.002856158,0.002856158,0.002856158,0.002856158,0.002856158,0.002856158,0.002856158,0.002856158,0.002856158,0.002856158,0.002856158,0.002856158,0.088012565,0.088012565,0.088012565,0.088012565,0.088012565,0.088012565,0.088012565,0.088012565,0.088012565,0.088012565,0.088012565,0.088012565,32.8512416,32.8512416,32.8512416,32.8512416,32.8512416,32.8512416,32.8512416,32.8512416,32.8512416,32.8512416,32.8512416,32.8512416
BEB42,0,0,0,0,0,0,0,0,0,0,0,0,0,0,0,0,0,0,0,0,0,0,0,0,0,0,0,0,0,0,0,0,0,0,0,0,0,0,0,0,0,0,0,0,0,0,0,0,0,0,0,0,0,0,0,0,0,0,0,0,107.7042851,55.34819771,78.30262968,73.92792726,55.50508786,73.92720327,73.53387715,50.97002555,73.53413448,68.29647292,11.13702548,68.29625773,0.004530058,0.00435428,0.004502265,0.004503328,0.004430216,0.004552943,0.004493477,0.004274828,0.004493016,0.004412586,0.004231088,0.004411175,0.001100789,0.00109537,0.001100791,0.001100846,0.001094384,0.001100849,0.001102153,0.001095528,0.001102147,0.001101257,0.001094203,0.001101258,0.001167425,0.001161067,0.00116743,0.001169462,0.001161407,0.001169461,0.001171309,0.001163239,0.001171304,0.001171006,0.001161369,0.001171032,0,0,0,0,0,0,0,0,0,0,0,0,0,0,0,0,0,0,0,0,0,0,0,0,0,0,0,0,0,0,0,0,0,0,0.001499524,0.001498332,0.001495712,0.001495525,0.001495249,0.001492516,0.001491631,0.001490162,0,0,0,0,0,0,0,0,0,0,0,0,0,0,0,0,0,0,0,0,0,0,0,0,0,0,0,0,0,0,0,0,0,0,0,0,0,0,0,0,0,0,0,0,0,0,0,0,0,0,0,0,0,0,0,0,0,0,0,0,0,0,0,0,0,0,0,0,0,0,0,0,0,0,0,0,0,0,0,0,0,0,0,0,0,0,0,0,0,0,0,0,0,0,0,0,0,0,0,0,0,0,0.002861445,0.002861445,0.002861445,0.002861445,0.002861445,0.002861445,0.002861445,0.002861445,0.002861445,0.002861445,0.002861445,0.002861445,0.089520195,0.089520195,0.089520195,0.089520195,0.089520195,0.089520195,0.089520195,0.089520195,0.089520195,0.089520195,0.089520195,0.089520195,65.7869715,65.7869715,65.7869715,65.7869715,65.7869715,65.7869715,65.7869715,65.7869715,65.7869715,65.7869715,65.7869715,65.7869715
BEB43,0,0,0,0,0,0,0,0,0,0,0,0,0,0,0,0,0,0,0,0,0,0,0,0,0,0,0,0,0,0,0,0,0,0,0,0,0,0,0,0,0,0,0,0,0,0,0,0,0,0,0,0,0,0,0,0,0,0,0,0,107.7044188,55.34883116,78.30296038,73.92886717,55.50612282,73.92764509,73.53335154,50.96824328,73.5337583,68.29567155,11.13715711,68.29541909,0.004529983,0.00435421,0.004502191,0.004503253,0.004430142,0.004552866,0.004493405,0.00427476,0.004492944,0.004412513,0.004231021,0.004411104,0.001100761,0.001095342,0.001100762,0.001100817,0.001094356,0.00110082,0.001102124,0.0010955,0.001102119,0.001101229,0.001094175,0.001101229,0.001167396,0.001161038,0.001167401,0.001169433,0.001161378,0.001169432,0.00117128,0.00116321,0.001171275,0.001170976,0.00116134,0.001171002,0,0,0,0,0,0,0,0,0,0,0,0,0,0,0,0,0,0,0,0,0,0,0,0,0,0,0,0,0,0,0,0,0,0,0,0,0,0,0,0,0.001491617,0.001490149,0.001478635,0.001478197,0.001477674,0.001476784,0.001475875,0.001474773,0,0,0,0,0,0,0,0,0,0,0,0,0,0,0,0,0,0,0,0,0,0,0,0,0,0,0,0,0,0,0,0,0,0,0,0,0,0,0,0,0,0,0,0,0,0,0,0,0,0,0,0,0,0,0,0,0,0,0,0,0,0,0,0,0,0,0,0,0,0,0,0,0,0,0,0,0,0,0,0,0,0,0,0,0,0,0,0,0,0,0,0,0,0,0,0,0.002861308,0.002861308,0.002861308,0.002861308,0.002861308,0.002861308,0.002861308,0.002861308,0.002861308,0.002861308,0.002861308,0.002861308,0.089519221,0.089519221,0.089519221,0.089519221,0.089519221,0.089519221,0.089519221,0.089519221,0.089519221,0.089519221,0.089519221,0.089519221,65.7868581,65.7868581,65.7868581,65.7868581,65.7868581,65.7868581,65.7868581,65.7868581,65.7868581,65.7868581,65.7868581,65.7868581
BEB44,0,0,0,0,0,0,0,0,0,0,0,0,0,0,0,0,0,0,0,0,0,0,0,0,0,0,0,0,0,0,0,0,0,0,0,0,0,0,0,0,0,0,0,0,0,0,0,0,19.53000072,19.94208728,18.20237153,16.68758339,16.33811824,16.37995025,16.9151508,18.27266275,17.59293192,18.99731316,18.99730914,16.25412649,13.98153871,14.295837,14.26488211,17.9561941,20.08449562,18.77815759,16.78721953,14.99172967,15.20337711,14.1135839,14.31291823,14.37717004,15.27411009,14.74976365,15.05491141,14.88763532,14.00780716,13.7266064,12.40152179,12.36895136,12.10911489,13.65125004,13.19923379,12.40504963,11.24300209,11.2479394,10.70029303,10.27986621,10.27986578,10.30851982,9.767239552,9.810368853,9.735609383,9.389344555,9.389344494,8.737394115,7.777837242,7.269656991,7.193279543,6.277839504,6.277839332,5.660044038,5.364759944,5.12955325,5.115123398,4.943325749,4.972039672,4.575691041,4.477013352,4.431500718,4.160907932,3.9929751,4.00638792,3.465491608,0.759815612,0.754516416,0.725508722,0.703065408,0.693810101,0.593389287,0.52285256,0.521890972,0.520070761,0.215436476,0.215205601,0.214926292,0.213733807,0.212928735,0.212823668,0.212111612,0.212111679,0.001116606,0.001115285,0.001114434,0.001114211,0.001111845,0.001111916,0.001109811,0.00110879,0,0,0,0,0,0,0,0,69.11485286,70.0228638,71.28119129,64.06643563,65.22190218,55.47043575,0.038838994,0.03882029,0,0,0,0,0,0,0,0,11.74745028,11.74738808,12.16162663,12.58770888,8.406692795,0,0,0,0,0,0,0,0,0,0,0,0,0,0,0,0,0,0,0,0,0,0,0,0,0,0,0,0,0,0,0,0,0,0,0,0,0,0,0,0,0,0,0,0,0,0,0,0,0.00201195,0.002012011,0.002011943,0.002012018,0.002011978,0.002012007,0.0020119,0.002011938,0.002011945,0.002011973,0.002011932,0.002011947,8.103708912,7.481751365,7.481750851,7.454484046,7.454483905,7.302737935,7.482477435,6.87947597,6.879477318,6.802902009,6.802901658,6.728286831,0.004204376,0.004204376,0.004204378,0.004204157,0.004204151,0.004204155,0.004204153,0.004204158,0.004204156,0.004204158,0.004204158,0.004204158,6.99289628,6.99289628,6.99289628,6.99289628,6.99289628,6.99289628,6.99289628,6.99289628,6.99289628,6.99289628,6.99289628,6.99289628,6.993024282,6.993024282,6.993024282,6.993024282,6.993024282,6.993024282,6.993024282,6.993024282,6.993024282,6.993024282,6.993024282,6.993024282,6.993056622,6.993056622,6.993056622,6.993056622,6.993056622,6.993056622,6.993056622,6.993056622,6.993056622,6.993056622,6.993056622,6.993056622
BEB45,0,0,0,0,0,0,0,0,0,0,0,0,0,0,0,0,0,0,0,0,0,0,0,0,0,0,0,0,0,0,0,0,0,0,0,0,0,0,0,0,0,0,0,0,0,0,0,0,0,0,19.51309506,17.78372572,17.38754155,17.4349086,18.04218021,19.59388895,18.81472329,20.42866581,20.4286613,17.29191911,14.74317085,15.09297195,15.05849133,19.23053341,21.69044899,20.17576045,17.89640071,15.87085526,16.108173,14.89038542,15.1124073,15.18399374,16.18750022,15.59989071,15.94152022,15.75394852,14.77240351,14.46004341,12.99731785,12.96149603,12.67648212,14.37613751,13.87576648,13.00091792,11.73049004,11.73585749,11.14096166,10.6859856,10.68598515,10.71691653,10.13305098,10.17944369,10.09896971,9.726836255,9.726836206,9.02886861,8.007966833,7.470297795,7.389669543,6.426890259,6.426890087,5.780916756,5.473227013,5.228619545,5.213630542,5.035265735,5.065064187,4.654349278,4.552292632,4.505242088,4.225840511,4.052721222,4.066540023,3.510387291,0.761886293,0.756555428,0.727389639,0.704829,0.695525026,0.594651206,0.523836205,0.522870845,0.521043423,0.215526117,0.215294993,0.215015666,0.213823058,0.21301788,0.212912773,0.212200951,0.212201019,0.001116803,0.001115474,0.001114618,0.001114394,0.00111202,0.001112093,0.00110998,0.001108954,0.001108567,0.001108414,0.001101643,0.001101728,0.001101067,0.00109958,0,0,0,0,0,0,0,0,131.7617456,131.732354,131.7562783,0,0,0,0,0,0,0,0,0,0,0,0,0,0,0,0,0,0,0,0,0,0,0,0,0,0,0,0,0,0,0,0,0,0,0,0,0,0,0,0,0,0,0,0,0,0,0,0,0,0,0,0,0,0,0,0,0,0,0,0,0.002015135,0.002015203,0.002015127,0.002015207,0.002015163,0.002015195,0.002015081,0.002015123,0.002015131,0.002015161,0.002015115,0.002015133,9.697878545,8.82130674,8.821306111,8.783235016,8.783234824,8.573457424,8.82168273,7.995794095,7.99579577,7.892574757,7.89257431,7.792358107,0.004216936,0.004216936,0.004216938,0.004216699,0.004216693,0.004216696,0.004216695,0.0042167,0.004216698,0.0042167,0.0042167,0.0042167,8.149256864,8.149256864,8.149256864,8.149256864,8.149256864,8.149256864,8.149256864,8.149256864,8.149256864,8.149256864,8.149256864,8.149256864,8.149410387,8.149410387,8.149410387,8.149410387,8.149410387,8.149410387,8.149410387,8.149410387,8.149410387,8.149410387,8.149410387,8.149410387,8.149449368,8.149449368,8.149449368,8.149449368,8.149449368,8.149449368,8.149449368,8.149449368,8.149449368,8.149449368,8.149449368,8.149449368